window,length,start,end,nominal_mean,real_mean,nominal_geometric,real_geometric,nominal_factor,purchasing_power_factor
frequency_aware_extended,10,1976,1985,0.03602416666666666,-0.0033071067638280717,0.03599098227095733,-0.0033264971464718254,1.4241631731017537,0.9672285882380269
frequency_aware_extended,10,1977,1986,0.034896666666666666,-5.648401051027152e-05,0.03485827068652494,-0.00011406649094735813,1.408668325419623,0.9988599204148615
frequency_aware_extended,10,1978,1987,0.033870833333333336,0.002357859659151984,0.03382429465345484,0.0022879133540202163,1.3946567650722446,1.0231161310912698
frequency_aware_extended,10,1979,1988,0.033328333333333335,0.0032351207301066997,0.0332760891736971,0.003165140329360574,1.3872789479403993,1.0321060445968508
frequency_aware_extended,10,1980,1989,0.03261583333333333,0.003747957171117533,0.032560099282319906,0.003682744146695688,1.3776959700897276,1.037443791178991
frequency_aware_extended,10,1981,1990,0.030780833333333334,0.0046021959543350085,0.030734992790415087,0.004543402661544185,1.3535372215837778,1.0463742839044003
frequency_aware_extended,10,1982,1991,0.028689166666666665,0.005146023945576406,0.028661400634310753,0.005095795899861234,1.3265524842829415,1.0521425013698524
frequency_aware_extended,10,1983,1992,0.02665,0.004366976621268792,0.026643121839809047,0.00430733767287793,1.3007535466643985,1.043917931258035
frequency_aware_extended,10,1984,1993,0.025929166666666666,0.003414166652231121,0.025924191355286747,0.003345462333222658,1.2916733709131476,1.0339627882006919
frequency_aware_extended,10,1985,1994,0.025014166666666667,0.0022777913401877846,0.025009237350211374,0.002206233946235781,1.2801999107210738,1.0222826691739104
frequency_aware_extended,10,1986,1995,0.024174166666666667,0.0016838149131936154,0.02416924834336991,0.0016141830081313228,1.2697473522593679,1.0162595876223235
frequency_aware_extended,10,1987,1996,0.023663333333333335,-0.0003640826446744794,0.023657697373417764,-0.00040226089676373596,1.2634194675813493,0.9959846648492013
frequency_aware_extended,10,1988,1997,0.023265833333333333,-0.0024517363918170054,0.02325849210076319,-0.0024706060732084256,1.2585010312435327,0.9755668126772319
frequency_aware_extended,10,1989,1998,0.022818333333333333,-0.002471028592107738,0.02280871056050874,-0.0024897154813456027,1.2529801174801334,0.9753799420195735
frequency_aware_extended,10,1990,1999,0.021691666666666668,-0.0014609154510148326,0.02167810428089074,-0.001483410742308009,1.2391984472840436,0.9852645247155853
frequency_aware_extended,10,1991,2000,0.020129166666666667,-0.0016939787769201242,0.020114628822097153,-0.0017161629493037563,1.2203650335266973,0.9829703004755846
frequency_aware_extended,10,1992,2001,0.018495833333333333,-0.0016987470222749267,0.01848251750672044,-0.0017209616927498222,1.2009800309680432,0.9829230501838617
frequency_aware_extended,10,1993,2002,0.01670666666666667,-0.0009930778689462016,0.016696096415076914,-0.0010108192958057066,1.1800803014726966,0.9899376623278696
frequency_aware_extended,10,1994,2003,0.015303333333333334,0.00017306073053982018,0.015296030808549096,0.00016017645826769817,1.1639300574404488,1.0016029196183633
frequency_aware_extended,10,1995,2004,0.0143475,0.00020303531942263974,0.014341462310920292,0.0001903147326450661,1.1530331168794987,1.001904778040289
frequency_aware_extended,10,1996,2005,0.013500833333333333,-0.0003593556933058184,0.013496670426883638,-0.0003723699543555642,1.143466018358894,0.9962825339368001
frequency_aware_extended,10,1997,2006,0.012868333333333334,-0.0011882476112054397,0.012866396035688475,-0.0011990742206605912,1.1363748865932053,0.9880737514008371
frequency_aware_extended,10,1998,2007,0.012901666666666667,-0.0014887835429303943,0.012899585727013383,-0.0015004160776145728,1.136747309785482,0.9850967411273975
frequency_aware_extended,10,1999,2008,0.013286666666666667,-0.0028551654107842883,0.013282905444846272,-0.0028636557183943897,1.1410565272259396,0.9717296624558355
frequency_aware_extended,10,2000,2009,0.013033333333333334,-0.002806597713269221,0.013029230360269347,-0.00281556699142734,1.1382031115434217,0.9721983986042164
frequency_aware_extended,10,2001,2010,0.012480833333333333,-0.0030978331535392867,0.012475061167750904,-0.003106780760309315,1.131991971563889,0.9693629573594411
frequency_aware_extended,10,2002,2011,0.012065833333333333,-0.0035449595145231384,0.012059063858348764,-0.0035570661726575374,1.1273495273422072,0.9649933433512001
frequency_aware_extended,10,2003,2012,0.011709166666666666,-0.004423632073376138,0.011701183662748228,-0.004439749136788192,1.1233693775607831,0.9564790999241036
frequency_aware_extended,10,2004,2013,0.010971666666666668,-0.005651488762401613,0.010961007618878076,-0.0056673932147651845,1.1151776411386043,0.944749809640651
frequency_aware_extended,10,2005,2014,0.010115,-0.0057938085835429805,0.010101424248057178,-0.005809724514513404,1.1057318888740637,0.943398341485931
frequency_aware_extended,10,2006,2015,0.009079166666666668,-0.005849363604457858,0.00906268087424896,-0.005865160351066674,1.094413509703077,0.9428724365669162
frequency_aware_extended,10,2007,2016,0.007809166666666667,-0.005979713785264673,0.007791180254401704,-0.0059951186088144795,1.0807009489560078,0.9416405915777728
frequency_aware_extended,10,2008,2017,0.006108333333333334,-0.00688769307647813,0.006093656343416365,-0.006906416861929564,1.06263497709201,0.9330432107858376
frequency_aware_extended,10,2009,2018,0.004181666666666667,-0.007959134410481395,0.0041758806747087315,-0.007982869525862302,1.0425523182696228,0.922978782547723
frequency_aware_extended,10,2010,2019,0.003140833333333333,-0.010053703561543725,0.003136761462624716,-0.010065146519002867,1.0318141059087318,0.9037871265193017
frequency_aware_extended,10,2011,2020,0.0024475,-0.010149133407029077,0.002443898461152494,-0.010160068814699937,1.0247095124937204,0.9029208822365492
frequency_aware_extended,10,2012,2021,0.0016641666666666667,-0.011875204400895034,0.001661963504913185,-0.011904094799351499,1.0167444830412669,0.8871376177535969
frequency_aware_extended,10,2013,2022,0.0009975,-0.017009596047056874,0.0009966260019476866,-0.01716814385716799,1.0100110758688083,0.8409927396635367
frequency_aware_extended,10,2014,2023,0.00097,-0.02121854000912159,0.0009692046580353473,-0.02143320337663511,1.0097344271125628,0.8052018386898662
frequency_aware_extended,10,2015,2024,0.0012691666666666667,-0.022197144431710492,0.0012674175770379574,-0.022401427368333976,1.012746706251773,0.7972703035797931
frequency_aware_extended,10,2016,2025,0.0015841666666666667,-0.02345678787706913,0.0015818734405429156,-0.023644863868635492,1.0159318152871597,0.7871874329100949
frequency_aware_extended,30,1976,2005,0.024566388888888888,-0.0006608825146467583,0.024511122566599947,-0.0006969569875472617,2.0677609528141074,0.9793012231524383
frequency_aware_extended,30,1977,2006,0.023809444444444446,-0.0005362714221300635,0.023754753705892428,-0.0005719059020223438,2.0224506880407658,0.982984344628305
frequency_aware_extended,30,1978,2007,0.023346111111111113,-0.0005275534251984719,0.023291802284106204,-0.0005631433152589781,1.9951927068864999,0.9832429299366908
frequency_aware_extended,30,1979,2008,0.023144444444444443,-0.0006970244242617755,0.023089995474583035,-0.0007332117303913367,1.9834220410768646,0.9782359113883281
frequency_aware_extended,30,1980,2009,0.022446944444444443,-0.00017318533105550686,0.022391273368449455,-0.00020933501752496824,1.9431844084145609,0.993738974483277
frequency_aware_extended,30,1981,2010,0.02113027777777778,-6.320532537480069e-05,0.021080800500445453,-9.870896216269772e-05,1.869835088928006,0.997042965637703
frequency_aware_extended,30,1982,2011,0.019750277777777776,-3.2560863740553154e-05,0.019711444860949293,-6.766289462586406e-05,1.7960516042433807,0.9979721034503755
frequency_aware_extended,30,1983,2012,0.018355277777777776,-0.0003499111070178492,0.01832789067664037,-0.00038755053733847717,1.724364847106233,0.9884385831783231
frequency_aware_extended,30,1984,2013,0.01740138888888889,-0.0006880871265435573,0.017374359582283436,-0.0007275590235639133,1.6765775375829155,0.9784019371525994
frequency_aware_extended,30,1985,2014,0.01649222222222222,-0.0011043273079775187,0.016464729594210352,-0.001143534400402388,1.6321850976862307,0.9662567802368107
frequency_aware_extended,30,1986,2015,0.015584722222222222,-0.0015083014615233537,0.01555644689476327,-0.0015461320515786298,1.5889931465280067,0.9546410658609175
frequency_aware_extended,30,1987,2016,0.014780277777777778,-0.0025106813470481973,0.014750227818938259,-0.0025352132357185663,1.5515819716690988,0.9266744424013379
frequency_aware_extended,30,1988,2017,0.014091944444444445,-0.0036094043370751764,0.014059381514212098,-0.0036285948225090025,1.5202031133923148,0.8966803595913245
frequency_aware_extended,30,1989,2018,0.01342888888888889,-0.004428442804457807,0.013393948546181112,-0.004448571337917137,1.4905590905864379,0.8748044789238084
frequency_aware_extended,30,1990,2019,0.012621944444444444,-0.0047737389086092595,0.012586352347991098,-0.004795197097809143,1.4553320373387408,0.8657129185165877
frequency_aware_extended,30,1991,2020,0.011685833333333333,-0.0049803151124961625,0.01165196401871604,-0.005001214958401267,1.415578213783518,0.8603526749550641
frequency_aware_extended,30,1992,2021,0.010741944444444445,-0.0057063036458977,0.010710722886679243,-0.005737267899137916,1.3765950322417688,0.8414626281961163
frequency_aware_extended,30,1993,2022,0.009804444444444444,-0.007475435329793071,0.009776693546667051,-0.007563977978185289,1.3389374173780118,0.7962979149658936
frequency_aware_extended,30,1994,2023,0.009081666666666667,-0.00889898934699446,0.009057551056160068,-0.009022246513263025,1.3106239530387491,0.7619336476740647
frequency_aware_extended,30,1995,2024,0.008577222222222222,-0.009262639231943611,0.008555375575088495,-0.009386509305117637,1.2911968418619164,0.7535761485010372
frequency_aware_extended,30,1996,2025,0.008054722222222222,-0.009888502391610935,0.008035071467332169,-0.010010807263581988,1.271362124881442,0.7394581651562123
frequency_aware_bundled_end2020,10,1976,1985,0.03602416666666666,-0.0033071067638280717,0.03599098227095733,-0.0033264971464718254,1.4241631731017537,0.9672285882380269
frequency_aware_bundled_end2020,10,1977,1986,0.034896666666666666,-5.648401051027152e-05,0.03485827068652494,-0.00011406649094735813,1.408668325419623,0.9988599204148615
frequency_aware_bundled_end2020,10,1978,1987,0.033870833333333336,0.002357859659151984,0.03382429465345484,0.0022879133540202163,1.3946567650722446,1.0231161310912698
frequency_aware_bundled_end2020,10,1979,1988,0.033328333333333335,0.0032351207301066997,0.0332760891736971,0.003165140329360574,1.3872789479403993,1.0321060445968508
frequency_aware_bundled_end2020,10,1980,1989,0.03261583333333333,0.003747957171117533,0.032560099282319906,0.003682744146695688,1.3776959700897276,1.037443791178991
frequency_aware_bundled_end2020,10,1981,1990,0.030780833333333334,0.0046021959543350085,0.030734992790415087,0.004543402661544185,1.3535372215837778,1.0463742839044003
frequency_aware_bundled_end2020,10,1982,1991,0.028689166666666665,0.005146023945576406,0.028661400634310753,0.005095795899861234,1.3265524842829415,1.0521425013698524
frequency_aware_bundled_end2020,10,1983,1992,0.02665,0.004366976621268792,0.026643121839809047,0.00430733767287793,1.3007535466643985,1.043917931258035
frequency_aware_bundled_end2020,10,1984,1993,0.025929166666666666,0.003414166652231121,0.025924191355286747,0.003345462333222658,1.2916733709131476,1.0339627882006919
frequency_aware_bundled_end2020,10,1985,1994,0.025014166666666667,0.0022777913401877846,0.025009237350211374,0.002206233946235781,1.2801999107210738,1.0222826691739104
frequency_aware_bundled_end2020,10,1986,1995,0.024174166666666667,0.0016838149131936154,0.02416924834336991,0.0016141830081313228,1.2697473522593679,1.0162595876223235
frequency_aware_bundled_end2020,10,1987,1996,0.023663333333333335,-0.0003640826446744794,0.023657697373417764,-0.00040226089676373596,1.2634194675813493,0.9959846648492013
frequency_aware_bundled_end2020,10,1988,1997,0.023265833333333333,-0.0024517363918170054,0.02325849210076319,-0.0024706060732084256,1.2585010312435327,0.9755668126772319
frequency_aware_bundled_end2020,10,1989,1998,0.022818333333333333,-0.002471028592107738,0.02280871056050874,-0.0024897154813456027,1.2529801174801334,0.9753799420195735
frequency_aware_bundled_end2020,10,1990,1999,0.021691666666666668,-0.0014609154510148326,0.02167810428089074,-0.001483410742308009,1.2391984472840436,0.9852645247155853
frequency_aware_bundled_end2020,10,1991,2000,0.020129166666666667,-0.0016939787769201242,0.020114628822097153,-0.0017161629493037563,1.2203650335266973,0.9829703004755846
frequency_aware_bundled_end2020,10,1992,2001,0.018495833333333333,-0.0016987470222749267,0.01848251750672044,-0.0017209616927498222,1.2009800309680432,0.9829230501838617
frequency_aware_bundled_end2020,10,1993,2002,0.01670666666666667,-0.0009930778689462016,0.016696096415076914,-0.0010108192958057066,1.1800803014726966,0.9899376623278696
frequency_aware_bundled_end2020,10,1994,2003,0.015303333333333334,0.00017306073053982018,0.015296030808549096,0.00016017645826769817,1.1639300574404488,1.0016029196183633
frequency_aware_bundled_end2020,10,1995,2004,0.0143475,0.00020303531942263974,0.014341462310920292,0.0001903147326450661,1.1530331168794987,1.001904778040289
frequency_aware_bundled_end2020,10,1996,2005,0.013500833333333333,-0.0003593556933058184,0.013496670426883638,-0.0003723699543555642,1.143466018358894,0.9962825339368001
frequency_aware_bundled_end2020,10,1997,2006,0.012868333333333334,-0.0011882476112054397,0.012866396035688475,-0.0011990742206605912,1.1363748865932053,0.9880737514008371
frequency_aware_bundled_end2020,10,1998,2007,0.012901666666666667,-0.0014887835429303943,0.012899585727013383,-0.0015004160776145728,1.136747309785482,0.9850967411273975
frequency_aware_bundled_end2020,10,1999,2008,0.013286666666666667,-0.0028551654107842883,0.013282905444846272,-0.0028636557183943897,1.1410565272259396,0.9717296624558355
frequency_aware_bundled_end2020,10,2000,2009,0.013033333333333334,-0.002806597713269221,0.013029230360269347,-0.00281556699142734,1.1382031115434217,0.9721983986042164
frequency_aware_bundled_end2020,10,2001,2010,0.012480833333333333,-0.0030978331535392867,0.012475061167750904,-0.003106780760309315,1.131991971563889,0.9693629573594411
frequency_aware_bundled_end2020,10,2002,2011,0.012065833333333333,-0.0035449595145231384,0.012059063858348764,-0.0035570661726575374,1.1273495273422072,0.9649933433512001
frequency_aware_bundled_end2020,10,2003,2012,0.011709166666666666,-0.004423632073376138,0.011701183662748228,-0.004439749136788192,1.1233693775607831,0.9564790999241036
frequency_aware_bundled_end2020,10,2004,2013,0.010971666666666668,-0.005651488762401613,0.010961007618878076,-0.0056673932147651845,1.1151776411386043,0.944749809640651
frequency_aware_bundled_end2020,10,2005,2014,0.010115,-0.0057938085835429805,0.010101424248057178,-0.005809724514513404,1.1057318888740637,0.943398341485931
frequency_aware_bundled_end2020,10,2006,2015,0.009079166666666668,-0.005849363604457858,0.00906268087424896,-0.005865160351066674,1.094413509703077,0.9428724365669162
frequency_aware_bundled_end2020,10,2007,2016,0.007809166666666667,-0.005979713785264673,0.007791180254401704,-0.0059951186088144795,1.0807009489560078,0.9416405915777728
frequency_aware_bundled_end2020,10,2008,2017,0.006108333333333334,-0.00688769307647813,0.006093656343416365,-0.006906416861929564,1.06263497709201,0.9330432107858376
frequency_aware_bundled_end2020,10,2009,2018,0.004181666666666667,-0.007959134410481395,0.0041758806747087315,-0.007982869525862302,1.0425523182696228,0.922978782547723
frequency_aware_bundled_end2020,10,2010,2019,0.003140833333333333,-0.010053703561543725,0.003136761462624716,-0.010065146519002867,1.0318141059087318,0.9037871265193017
frequency_aware_bundled_end2020,10,2011,2020,0.0024475,-0.010149133407029077,0.002443898461152494,-0.010160068814699937,1.0247095124937204,0.9029208822365492
frequency_aware_bundled_end2020,30,1976,2005,0.024566388888888888,-0.0006608825146467583,0.024511122566599947,-0.0006969569875472617,2.0677609528141074,0.9793012231524383
frequency_aware_bundled_end2020,30,1977,2006,0.023809444444444446,-0.0005362714221300635,0.023754753705892428,-0.0005719059020223438,2.0224506880407658,0.982984344628305
frequency_aware_bundled_end2020,30,1978,2007,0.023346111111111113,-0.0005275534251984719,0.023291802284106204,-0.0005631433152589781,1.9951927068864999,0.9832429299366908
frequency_aware_bundled_end2020,30,1979,2008,0.023144444444444443,-0.0006970244242617755,0.023089995474583035,-0.0007332117303913367,1.9834220410768646,0.9782359113883281
frequency_aware_bundled_end2020,30,1980,2009,0.022446944444444443,-0.00017318533105550686,0.022391273368449455,-0.00020933501752496824,1.9431844084145609,0.993738974483277
frequency_aware_bundled_end2020,30,1981,2010,0.02113027777777778,-6.320532537480069e-05,0.021080800500445453,-9.870896216269772e-05,1.869835088928006,0.997042965637703
frequency_aware_bundled_end2020,30,1982,2011,0.019750277777777776,-3.2560863740553154e-05,0.019711444860949293,-6.766289462586406e-05,1.7960516042433807,0.9979721034503755
frequency_aware_bundled_end2020,30,1983,2012,0.018355277777777776,-0.0003499111070178492,0.01832789067664037,-0.00038755053733847717,1.724364847106233,0.9884385831783231
frequency_aware_bundled_end2020,30,1984,2013,0.01740138888888889,-0.0006880871265435573,0.017374359582283436,-0.0007275590235639133,1.6765775375829155,0.9784019371525994
frequency_aware_bundled_end2020,30,1985,2014,0.01649222222222222,-0.0011043273079775187,0.016464729594210352,-0.001143534400402388,1.6321850976862307,0.9662567802368107
frequency_aware_bundled_end2020,30,1986,2015,0.015584722222222222,-0.0015083014615233537,0.01555644689476327,-0.0015461320515786298,1.5889931465280067,0.9546410658609175
frequency_aware_bundled_end2020,30,1987,2016,0.014780277777777778,-0.0025106813470481973,0.014750227818938259,-0.0025352132357185663,1.5515819716690988,0.9266744424013379
frequency_aware_bundled_end2020,30,1988,2017,0.014091944444444445,-0.0036094043370751764,0.014059381514212098,-0.0036285948225090025,1.5202031133923148,0.8966803595913245
frequency_aware_bundled_end2020,30,1989,2018,0.01342888888888889,-0.004428442804457807,0.013393948546181112,-0.004448571337917137,1.4905590905864379,0.8748044789238084
frequency_aware_bundled_end2020,30,1990,2019,0.012621944444444444,-0.0047737389086092595,0.012586352347991098,-0.004795197097809143,1.4553320373387408,0.8657129185165877
frequency_aware_bundled_end2020,30,1991,2020,0.011685833333333333,-0.0049803151124961625,0.01165196401871604,-0.005001214958401267,1.415578213783518,0.8603526749550641
frequency_aware_live_revised,10,1976,1985,0.03602416666666666,-0.003307106763831191,0.03599098227095733,-0.0033264971464749514,1.4241631731017537,0.9672285882379966
frequency_aware_live_revised,10,1977,1986,0.034896666666666666,-5.648401051054908e-05,0.03485827068652494,-0.00011406649094762434,1.408668325419623,0.9988599204148589
frequency_aware_live_revised,10,1978,1987,0.033870833333333336,0.0023578596591552594,0.03382429465345484,0.002287913354023523,1.3946567650722446,1.0231161310913035
frequency_aware_live_revised,10,1979,1988,0.033328333333333335,0.003235120730103391,0.0332760891736971,0.0031651403293572974,1.3872789479403993,1.0321060445968169
frequency_aware_live_revised,10,1980,1989,0.03261583333333333,0.00374795717111428,0.032560099282319906,0.0036827441466924494,1.3776959700897276,1.0374437911789576
frequency_aware_live_revised,10,1981,1990,0.030780833333333334,0.00460219595433502,0.030734992790415087,0.00454340266154422,1.3535372215837778,1.0463742839044003
frequency_aware_live_revised,10,1982,1991,0.028689166666666665,0.00514602394557323,0.028661400634310753,0.005095795899858041,1.3265524842829415,1.0521425013698191
frequency_aware_live_revised,10,1983,1992,0.02665,0.00436697662126877,0.026643121839809047,0.004307337672877916,1.3007535466643985,1.0439179312580347
frequency_aware_live_revised,10,1984,1993,0.025929166666666666,0.003414166652234274,0.025924191355286747,0.0033454623332258636,1.2916733709131476,1.033962788200725
frequency_aware_live_revised,10,1985,1994,0.025014166666666667,0.002277791340190938,0.025009237350211374,0.0022062339462389823,1.2801999107210738,1.0222826691739433
frequency_aware_live_revised,10,1986,1995,0.024174166666666667,0.0016838149132000547,0.02416924834336991,0.001614183008137807,1.2697473522593679,1.0162595876223897
frequency_aware_live_revised,10,1987,1996,0.023663333333333335,-0.00036408264467101547,0.023657697373417764,-0.0004022608967602279,1.2634194675813493,0.9959846648492362
frequency_aware_live_revised,10,1988,1997,0.023265833333333333,-0.0024517363918106104,0.02325849210076319,-0.002470606073201987,1.2585010312435327,0.9755668126772947
frequency_aware_live_revised,10,1989,1998,0.022818333333333333,-0.0024710285920983453,0.02280871056050874,-0.0024897154813361953,1.2529801174801334,0.9753799420196656
frequency_aware_live_revised,10,1990,1999,0.021691666666666668,-0.0014609154510083378,0.02167810428089074,-0.0014834107423014984,1.2391984472840436,0.9852645247156495
frequency_aware_live_revised,10,1991,2000,0.020129166666666667,-0.001693978776913585,0.020114628822097153,-0.0017161629492971951,1.2203650335266973,0.9829703004756493
frequency_aware_live_revised,10,1992,2001,0.018495833333333333,-0.0016987470222619594,0.01848251750672044,-0.0017209616927367916,1.2009800309680432,0.9829230501839902
frequency_aware_live_revised,10,1993,2002,0.01670666666666667,-0.000993077868929959,0.016696096415076914,-0.0010108192957893815,1.1800803014726966,0.9899376623280313
frequency_aware_live_revised,10,1994,2003,0.015303333333333334,0.00017306073054957906,0.015296030808549096,0.00016017645827752847,1.1639300574404488,1.0016029196184617
frequency_aware_live_revised,10,1995,2004,0.0143475,0.00020303531942913455,0.014341462310920292,0.0001903147326516153,1.1530331168794987,1.0019047780403545
frequency_aware_live_revised,10,1996,2005,0.013500833333333333,-0.0003593556932993458,0.013496670426883638,-0.00037236995434902244,1.143466018358894,0.9962825339368655
frequency_aware_live_revised,10,1997,2006,0.012868333333333334,-0.0011882476111923612,0.012866396035688475,-0.001199074220647469,1.1363748865932053,0.9880737514009671
frequency_aware_live_revised,10,1998,2007,0.012901666666666667,-0.0014887835429238105,0.012899585727013383,-0.0015004160776079657,1.136747309785482,0.9850967411274627
frequency_aware_live_revised,10,1999,2008,0.013286666666666667,-0.002855165410780591,0.013282905444846272,-0.002863655718390694,1.1410565272259396,0.9717296624558716
frequency_aware_live_revised,10,2000,2009,0.013033333333333334,-0.002806597713265524,0.013029230360269347,-0.0028155669914236444,1.1382031115434217,0.9721983986042524
frequency_aware_live_revised,10,2001,2010,0.012480833333333333,-0.0030978331535421733,0.012475061167750904,-0.0031067807603122025,1.131991971563889,0.9693629573594129
frequency_aware_live_revised,10,2002,2011,0.012065833333333333,-0.0035449595145324976,0.012059063858348764,-0.0035570661726669404,1.1273495273422072,0.9649933433511092
frequency_aware_live_revised,10,2003,2012,0.011709166666666666,-0.004423632073391992,0.011701183662748228,-0.004439749136804108,1.1233693775607831,0.9564790999239506
frequency_aware_live_revised,10,2004,2013,0.010971666666666668,-0.005651488762410917,0.010961007618878076,-0.005667393214774536,1.1151776411386043,0.9447498096405622
frequency_aware_live_revised,10,2005,2014,0.010115,-0.005793808583548688,0.010101424248057178,-0.005809724514519159,1.1057318888740637,0.9433983414858765
frequency_aware_live_revised,10,2006,2015,0.009079166666666668,-0.005849363604467151,0.00906268087424896,-0.005865160351076005,1.094413509703077,0.9428724365668277
frequency_aware_live_revised,10,2007,2016,0.007809166666666667,-0.005979713785277263,0.007791180254401704,-0.005995118608827095,1.0807009489560078,0.9416405915776535
frequency_aware_live_revised,10,2008,2017,0.006108333333333334,-0.0068876930764874885,0.006093656343416365,-0.0069064168619389415,1.06263497709201,0.9330432107857497
frequency_aware_live_revised,10,2009,2018,0.004181666666666667,-0.007959134410484302,0.0041758806747087315,-0.007982869525865193,1.0425523182696228,0.922978782547696
frequency_aware_live_revised,10,2010,2019,0.003140833333333333,-0.010053703561543715,0.003136761462624716,-0.010065146519002815,1.0318141059087318,0.9037871265193022
frequency_aware_live_revised,10,2011,2020,0.0024475,-0.010149133407026112,0.002443898461152494,-0.010160068814696948,1.0247095124937204,0.9029208822365764
frequency_aware_live_revised,10,2012,2021,0.0016641666666666667,-0.01187520440088884,0.001661963504913185,-0.011904094799345283,1.0167444830412669,0.8871376177536524
frequency_aware_live_revised,10,2013,2022,0.0009975,-0.017009596047047458,0.0009966260019476866,-0.017168143857158598,1.0100110758688083,0.8409927396636172
frequency_aware_live_revised,10,2014,2023,0.00097,-0.021218540009115418,0.0009692046580353473,-0.02143320337662897,1.0097344271125628,0.8052018386899166
frequency_aware_live_revised,10,2015,2024,0.0012691666666666667,-0.022197144431704653,0.0012674175770379574,-0.022401427368328168,1.012746706251773,0.7972703035798405
frequency_aware_live_revised,10,2016,2025,0.0015841666666666667,-0.023456787877062967,0.0015818734405429156,-0.02364486386862938,1.0159318152871597,0.7871874329101444
frequency_aware_live_revised,30,1976,2005,0.024566388888888888,-0.0006608825146434942,0.024511122566599947,-0.0006969569875439701,2.0677609528141074,0.9793012231525348
frequency_aware_live_revised,30,1977,2006,0.023809444444444446,-0.0005362714221246419,0.023754753705892428,-0.0005719059020168866,2.0224506880407658,0.9829843446284663
frequency_aware_live_revised,30,1978,2007,0.023346111111111113,-0.000527553425193054,0.023291802284106204,-0.0005631433152535241,1.9951927068864999,0.9832429299368515
frequency_aware_live_revised,30,1979,2008,0.023144444444444443,-0.0006970244242585151,0.023089995474583035,-0.0007332117303880487,1.9834220410768646,0.9782359113884245
frequency_aware_live_revised,30,1980,2009,0.022446944444444443,-0.00017318533105319388,0.022391273368449455,-0.00020933501752263552,1.9431844084145609,0.993738974483346
frequency_aware_live_revised,30,1981,2010,0.02113027777777778,-6.320532537357944e-05,0.021080800500445453,-9.870896216146108e-05,1.869835088928006,0.9970429656377396
frequency_aware_live_revised,30,1982,2011,0.019750277777777776,-3.256086374040882e-05,0.019711444860949293,-6.766289462571794e-05,1.7960516042433807,0.9979721034503798
frequency_aware_live_revised,30,1983,2012,0.018355277777777776,-0.00034991110701772704,0.01832789067664037,-0.00038755053733836365,1.724364847106233,0.9884385831783268
frequency_aware_live_revised,30,1984,2013,0.01740138888888889,-0.0006880871265423546,0.017374359582283436,-0.0007275590235627079,1.6765775375829155,0.9784019371526346
frequency_aware_live_revised,30,1985,2014,0.01649222222222222,-0.001104327307976205,0.016464729594210352,-0.0011435344004010715,1.6321850976862307,0.9662567802368498
frequency_aware_live_revised,30,1986,2015,0.015584722222222222,-0.0015083014615221472,0.01555644689476327,-0.0015461320515774213,1.5889931465280067,0.9546410658609527
frequency_aware_live_revised,30,1987,2016,0.014780277777777778,-0.00251068134704688,0.014750227818938259,-0.002535213235717251,1.5515819716690988,0.9266744424013745
frequency_aware_live_revised,30,1988,2017,0.014091944444444445,-0.00360940433707397,0.014059381514212098,-0.0036285948225077977,1.5202031133923148,0.8966803595913572
frequency_aware_live_revised,30,1989,2018,0.01342888888888889,-0.004428442804454413,0.013393948546181112,-0.004448571337913744,1.4905590905864379,0.874804478923898
frequency_aware_live_revised,30,1990,2019,0.012621944444444444,-0.0047737389086058585,0.012586352347991098,-0.004795197097805733,1.4553320373387408,0.8657129185166769
frequency_aware_live_revised,30,1991,2020,0.011685833333333333,-0.004980315112493957,0.01165196401871604,-0.005001214958399046,1.415578213783518,0.8603526749551217
frequency_aware_live_revised,30,1992,2021,0.010741944444444445,-0.005706303645894432,0.010710722886679243,-0.005737267899134632,1.3765950322417688,0.8414626281961999
frequency_aware_live_revised,30,1993,2022,0.009804444444444444,-0.007475435329789804,0.009776693546667051,-0.007563977978182012,1.3389374173780118,0.7962979149659724
frequency_aware_live_revised,30,1994,2023,0.009081666666666667,-0.008898989346992252,0.009057551056160068,-0.009022246513260812,1.3106239530387491,0.7619336476741158
frequency_aware_live_revised,30,1995,2024,0.008577222222222222,-0.009262639231941401,0.008555375575088495,-0.009386509305115424,1.2911968418619164,0.7535761485010877
frequency_aware_live_revised,30,1996,2025,0.008054722222222222,-0.009888502391609821,0.008035071467332169,-0.010010807263580859,1.271362124881442,0.7394581651562375
strict_month_original_1976_2020,10,1976,1985,0.03602416666666666,-0.0033071067638280717,0.03599098227095733,-0.0033264971464718254,1.4241631731017537,0.9672285882380269
strict_month_original_1976_2020,10,1977,1986,0.034896666666666666,-5.648401051027152e-05,0.03485827068652494,-0.00011406649094735813,1.408668325419623,0.9988599204148615
strict_month_original_1976_2020,10,1978,1987,0.033870833333333336,0.002357859659151984,0.03382429465345484,0.0022879133540202163,1.3946567650722446,1.0231161310912698
strict_month_original_1976_2020,10,1979,1988,0.033328333333333335,0.0032351207301066997,0.0332760891736971,0.003165140329360574,1.3872789479403993,1.0321060445968508
strict_month_original_1976_2020,10,1980,1989,0.03261583333333333,0.003747957171117533,0.032560099282319906,0.003682744146695688,1.3776959700897276,1.037443791178991
strict_month_original_1976_2020,10,1981,1990,0.030780833333333334,0.0046021959543350085,0.030734992790415087,0.004543402661544185,1.3535372215837778,1.0463742839044003
strict_month_original_1976_2020,10,1982,1991,0.028689166666666665,0.005146023945576406,0.028661400634310753,0.005095795899861234,1.3265524842829415,1.0521425013698524
strict_month_original_1976_2020,10,1983,1992,0.02665,0.004366976621268792,0.026643121839809047,0.00430733767287793,1.3007535466643985,1.043917931258035
strict_month_original_1976_2020,10,1984,1993,0.025929166666666666,0.003414166652231121,0.025924191355286747,0.003345462333222658,1.2916733709131476,1.0339627882006919
strict_month_original_1976_2020,10,1985,1994,0.025014166666666667,0.0022777913401877846,0.025009237350211374,0.002206233946235781,1.2801999107210738,1.0222826691739104
strict_month_original_1976_2020,10,1986,1995,0.024174166666666667,0.0016838149131936154,0.02416924834336991,0.0016141830081313228,1.2697473522593679,1.0162595876223235
strict_month_original_1976_2020,10,1987,1996,0.023663333333333335,-0.0003640826446744794,0.023657697373417764,-0.00040226089676373596,1.2634194675813493,0.9959846648492013
strict_month_original_1976_2020,10,1988,1997,0.023265833333333333,-0.0024517363918170054,0.02325849210076319,-0.0024706060732084256,1.2585010312435327,0.9755668126772319
strict_month_original_1976_2020,10,1989,1998,0.022818333333333333,-0.002471028592107738,0.02280871056050874,-0.0024897154813456027,1.2529801174801334,0.9753799420195735
strict_month_original_1976_2020,10,1990,1999,0.021691666666666668,-0.0014609154510148326,0.02167810428089074,-0.001483410742308009,1.2391984472840436,0.9852645247155853
strict_month_original_1976_2020,10,1991,2000,0.020129166666666667,-0.0016939787769201242,0.020114628822097153,-0.0017161629493037563,1.2203650335266973,0.9829703004755846
strict_month_original_1976_2020,10,1992,2001,0.018495833333333333,-0.0016987470222749267,0.01848251750672044,-0.0017209616927498222,1.2009800309680432,0.9829230501838617
strict_month_original_1976_2020,10,1993,2002,0.01670666666666667,-0.0009930778689462016,0.016696096415076914,-0.0010108192958057066,1.1800803014726966,0.9899376623278696
strict_month_original_1976_2020,10,1994,2003,0.015303333333333334,0.00017306073053982018,0.015296030808549096,0.00016017645826769817,1.1639300574404488,1.0016029196183633
strict_month_original_1976_2020,10,1995,2004,0.0143475,0.00020303531942263974,0.014341462310920292,0.0001903147326450661,1.1530331168794987,1.001904778040289
strict_month_original_1976_2020,10,1996,2005,0.013500833333333333,-0.0003593556933058184,0.013496670426883638,-0.0003723699543555642,1.143466018358894,0.9962825339368001
strict_month_original_1976_2020,10,1997,2006,0.012868333333333334,-0.0011882476112054397,0.012866396035688475,-0.0011990742206605912,1.1363748865932053,0.9880737514008371
strict_month_original_1976_2020,10,1998,2007,0.012901666666666667,-0.0014887835429303943,0.012899585727013383,-0.0015004160776145728,1.136747309785482,0.9850967411273975
strict_month_original_1976_2020,10,1999,2008,0.013286666666666667,-0.0028551654107842883,0.013282905444846272,-0.0028636557183943897,1.1410565272259396,0.9717296624558355
strict_month_original_1976_2020,10,2000,2009,0.013033333333333334,-0.002806597713269221,0.013029230360269347,-0.00281556699142734,1.1382031115434217,0.9721983986042164
strict_month_original_1976_2020,10,2001,2010,0.012480833333333333,-0.0030978331535392867,0.012475061167750904,-0.003106780760309315,1.131991971563889,0.9693629573594411
strict_month_original_1976_2020,10,2002,2011,0.012065833333333333,-0.0035449595145231384,0.012059063858348764,-0.0035570661726575374,1.1273495273422072,0.9649933433512001
strict_month_original_1976_2020,10,2003,2012,0.011709166666666666,-0.004423632073376138,0.011701183662748228,-0.004439749136788192,1.1233693775607831,0.9564790999241036
strict_month_original_1976_2020,10,2004,2013,0.010971666666666668,-0.005651488762401613,0.010961007618878076,-0.0056673932147651845,1.1151776411386043,0.944749809640651
strict_month_original_1976_2020,10,2005,2014,0.010115,-0.0057938085835429805,0.010101424248057178,-0.005809724514513404,1.1057318888740637,0.943398341485931
strict_month_original_1976_2020,10,2006,2015,0.009079166666666668,-0.005849363604457858,0.00906268087424896,-0.005865160351066674,1.094413509703077,0.9428724365669162
strict_month_original_1976_2020,10,2007,2016,0.007809166666666667,-0.005979713785264673,0.007791180254401704,-0.0059951186088144795,1.0807009489560078,0.9416405915777728
strict_month_original_1976_2020,10,2008,2017,0.006108333333333334,-0.00688769307647813,0.006093656343416365,-0.006906416861929564,1.06263497709201,0.9330432107858376
strict_month_original_1976_2020,10,2009,2018,0.004181666666666667,-0.007959134410481395,0.0041758806747087315,-0.007982869525862302,1.0425523182696228,0.922978782547723
strict_month_original_1976_2020,10,2010,2019,0.003140833333333333,-0.010053703561543725,0.003136761462624716,-0.010065146519002867,1.0318141059087318,0.9037871265193017
strict_month_original_1976_2020,10,2011,2020,0.0024475,-0.010149133407029077,0.002443898461152494,-0.010160068814699937,1.0247095124937204,0.9029208822365492
strict_month_original_1976_2020,30,1976,2005,0.024566388888888888,-0.0006608825146467583,0.024511122566599947,-0.0006969569875472617,2.0677609528141074,0.9793012231524383
strict_month_original_1976_2020,30,1977,2006,0.023809444444444446,-0.0005362714221300635,0.023754753705892428,-0.0005719059020223438,2.0224506880407658,0.982984344628305
strict_month_original_1976_2020,30,1978,2007,0.023346111111111113,-0.0005275534251984719,0.023291802284106204,-0.0005631433152589781,1.9951927068864999,0.9832429299366908
strict_month_original_1976_2020,30,1979,2008,0.023144444444444443,-0.0006970244242617755,0.023089995474583035,-0.0007332117303913367,1.9834220410768646,0.9782359113883281
strict_month_original_1976_2020,30,1980,2009,0.022446944444444443,-0.00017318533105550686,0.022391273368449455,-0.00020933501752496824,1.9431844084145609,0.993738974483277
strict_month_original_1976_2020,30,1981,2010,0.02113027777777778,-6.320532537480069e-05,0.021080800500445453,-9.870896216269772e-05,1.869835088928006,0.997042965637703
strict_month_original_1976_2020,30,1982,2011,0.019750277777777776,-3.2560863740553154e-05,0.019711444860949293,-6.766289462586406e-05,1.7960516042433807,0.9979721034503755
strict_month_original_1976_2020,30,1983,2012,0.018355277777777776,-0.0003499111070178492,0.01832789067664037,-0.00038755053733847717,1.724364847106233,0.9884385831783231
strict_month_original_1976_2020,30,1984,2013,0.01740138888888889,-0.0006880871265435573,0.017374359582283436,-0.0007275590235639133,1.6765775375829155,0.9784019371525994
strict_month_original_1976_2020,30,1985,2014,0.01649222222222222,-0.0011043273079775187,0.016464729594210352,-0.001143534400402388,1.6321850976862307,0.9662567802368107
strict_month_original_1976_2020,30,1986,2015,0.015584722222222222,-0.0015083014615233537,0.01555644689476327,-0.0015461320515786298,1.5889931465280067,0.9546410658609175
strict_month_original_1976_2020,30,1987,2016,0.014780277777777778,-0.0025106813470481973,0.014750227818938259,-0.0025352132357185663,1.5515819716690988,0.9266744424013379
strict_month_original_1976_2020,30,1988,2017,0.014091944444444445,-0.0036094043370751764,0.014059381514212098,-0.0036285948225090025,1.5202031133923148,0.8966803595913245
strict_month_original_1976_2020,30,1989,2018,0.01342888888888889,-0.004428442804457807,0.013393948546181112,-0.004448571337917137,1.4905590905864379,0.8748044789238084
strict_month_original_1976_2020,30,1990,2019,0.012621944444444444,-0.0047737389086092595,0.012586352347991098,-0.004795197097809143,1.4553320373387408,0.8657129185165877
strict_month_original_1976_2020,30,1991,2020,0.011685833333333333,-0.0049803151124961625,0.01165196401871604,-0.005001214958401267,1.415578213783518,0.8603526749550641
strict_month_extended,10,1976,1985,0.03602416666666666,-0.0033071067638280717,0.03599098227095733,-0.0033264971464718254,1.4241631731017537,0.9672285882380269
strict_month_extended,10,1977,1986,0.034896666666666666,-5.648401051027152e-05,0.03485827068652494,-0.00011406649094735813,1.408668325419623,0.9988599204148615
strict_month_extended,10,1978,1987,0.033870833333333336,0.002357859659151984,0.03382429465345484,0.0022879133540202163,1.3946567650722446,1.0231161310912698
strict_month_extended,10,1979,1988,0.033328333333333335,0.0032351207301066997,0.0332760891736971,0.003165140329360574,1.3872789479403993,1.0321060445968508
strict_month_extended,10,1980,1989,0.03261583333333333,0.003747957171117533,0.032560099282319906,0.003682744146695688,1.3776959700897276,1.037443791178991
strict_month_extended,10,1981,1990,0.030780833333333334,0.0046021959543350085,0.030734992790415087,0.004543402661544185,1.3535372215837778,1.0463742839044003
strict_month_extended,10,1982,1991,0.028689166666666665,0.005146023945576406,0.028661400634310753,0.005095795899861234,1.3265524842829415,1.0521425013698524
strict_month_extended,10,1983,1992,0.02665,0.004366976621268792,0.026643121839809047,0.00430733767287793,1.3007535466643985,1.043917931258035
strict_month_extended,10,1984,1993,0.025929166666666666,0.003414166652231121,0.025924191355286747,0.003345462333222658,1.2916733709131476,1.0339627882006919
strict_month_extended,10,1985,1994,0.025014166666666667,0.0022777913401877846,0.025009237350211374,0.002206233946235781,1.2801999107210738,1.0222826691739104
strict_month_extended,10,1986,1995,0.024174166666666667,0.0016838149131936154,0.02416924834336991,0.0016141830081313228,1.2697473522593679,1.0162595876223235
strict_month_extended,10,1987,1996,0.023663333333333335,-0.0003640826446744794,0.023657697373417764,-0.00040226089676373596,1.2634194675813493,0.9959846648492013
strict_month_extended,10,1988,1997,0.023265833333333333,-0.0024517363918170054,0.02325849210076319,-0.0024706060732084256,1.2585010312435327,0.9755668126772319
strict_month_extended,10,1989,1998,0.022818333333333333,-0.002471028592107738,0.02280871056050874,-0.0024897154813456027,1.2529801174801334,0.9753799420195735
strict_month_extended,10,1990,1999,0.021691666666666668,-0.0014609154510148326,0.02167810428089074,-0.001483410742308009,1.2391984472840436,0.9852645247155853
strict_month_extended,10,1991,2000,0.020129166666666667,-0.0016939787769201242,0.020114628822097153,-0.0017161629493037563,1.2203650335266973,0.9829703004755846
strict_month_extended,10,1992,2001,0.018495833333333333,-0.0016987470222749267,0.01848251750672044,-0.0017209616927498222,1.2009800309680432,0.9829230501838617
strict_month_extended,10,1993,2002,0.01670666666666667,-0.0009930778689462016,0.016696096415076914,-0.0010108192958057066,1.1800803014726966,0.9899376623278696
strict_month_extended,10,1994,2003,0.015303333333333334,0.00017306073053982018,0.015296030808549096,0.00016017645826769817,1.1639300574404488,1.0016029196183633
strict_month_extended,10,1995,2004,0.0143475,0.00020303531942263974,0.014341462310920292,0.0001903147326450661,1.1530331168794987,1.001904778040289
strict_month_extended,10,1996,2005,0.013500833333333333,-0.0003593556933058184,0.013496670426883638,-0.0003723699543555642,1.143466018358894,0.9962825339368001
strict_month_extended,10,1997,2006,0.012868333333333334,-0.0011882476112054397,0.012866396035688475,-0.0011990742206605912,1.1363748865932053,0.9880737514008371
strict_month_extended,10,1998,2007,0.012901666666666667,-0.0014887835429303943,0.012899585727013383,-0.0015004160776145728,1.136747309785482,0.9850967411273975
strict_month_extended,10,1999,2008,0.013286666666666667,-0.0028551654107842883,0.013282905444846272,-0.0028636557183943897,1.1410565272259396,0.9717296624558355
strict_month_extended,10,2000,2009,0.013033333333333334,-0.002806597713269221,0.013029230360269347,-0.00281556699142734,1.1382031115434217,0.9721983986042164
strict_month_extended,10,2001,2010,0.012480833333333333,-0.0030978331535392867,0.012475061167750904,-0.003106780760309315,1.131991971563889,0.9693629573594411
strict_month_extended,10,2002,2011,0.012065833333333333,-0.0035449595145231384,0.012059063858348764,-0.0035570661726575374,1.1273495273422072,0.9649933433512001
strict_month_extended,10,2003,2012,0.011709166666666666,-0.004423632073376138,0.011701183662748228,-0.004439749136788192,1.1233693775607831,0.9564790999241036
strict_month_extended,10,2004,2013,0.010971666666666668,-0.005651488762401613,0.010961007618878076,-0.0056673932147651845,1.1151776411386043,0.944749809640651
strict_month_extended,10,2005,2014,0.010115,-0.0057938085835429805,0.010101424248057178,-0.005809724514513404,1.1057318888740637,0.943398341485931
strict_month_extended,10,2006,2015,0.009079166666666668,-0.005849363604457858,0.00906268087424896,-0.005865160351066674,1.094413509703077,0.9428724365669162
strict_month_extended,10,2007,2016,0.007809166666666667,-0.005979713785264673,0.007791180254401704,-0.0059951186088144795,1.0807009489560078,0.9416405915777728
strict_month_extended,10,2008,2017,0.006108333333333334,-0.00688769307647813,0.006093656343416365,-0.006906416861929564,1.06263497709201,0.9330432107858376
strict_month_extended,10,2009,2018,0.004181666666666667,-0.007959134410481395,0.0041758806747087315,-0.007982869525862302,1.0425523182696228,0.922978782547723
strict_month_extended,10,2010,2019,0.003140833333333333,-0.010053703561543725,0.003136761462624716,-0.010065146519002867,1.0318141059087318,0.9037871265193017
strict_month_extended,10,2011,2020,0.0024475,-0.010149133407029077,0.002443898461152494,-0.010160068814699937,1.0247095124937204,0.9029208822365492
strict_month_extended,10,2012,2021,0.0016641666666666667,-0.011875204400895034,0.001661963504913185,-0.011904094799351499,1.0167444830412669,0.8871376177535969
strict_month_extended,10,2013,2022,0.0009975,-0.017009596047056874,0.0009966260019476866,-0.01716814385716799,1.0100110758688083,0.8409927396635367
strict_month_extended,10,2014,2023,0.00097,-0.02121854000912159,0.0009692046580353473,-0.02143320337663511,1.0097344271125628,0.8052018386898662
strict_month_extended,10,2015,2024,0.0012691666666666667,-0.022197144431710492,0.0012674175770379574,-0.022401427368333976,1.012746706251773,0.7972703035797931
strict_month_extended,10,2016,2025,0.0015841666666666667,-0.02345678787706913,0.0015818734405429156,-0.023644863868635492,1.0159318152871597,0.7871874329100949
strict_month_extended,30,1976,2005,0.024566388888888888,-0.0006608825146467583,0.024511122566599947,-0.0006969569875472617,2.0677609528141074,0.9793012231524383
strict_month_extended,30,1977,2006,0.023809444444444446,-0.0005362714221300635,0.023754753705892428,-0.0005719059020223438,2.0224506880407658,0.982984344628305
strict_month_extended,30,1978,2007,0.023346111111111113,-0.0005275534251984719,0.023291802284106204,-0.0005631433152589781,1.9951927068864999,0.9832429299366908
strict_month_extended,30,1979,2008,0.023144444444444443,-0.0006970244242617755,0.023089995474583035,-0.0007332117303913367,1.9834220410768646,0.9782359113883281
strict_month_extended,30,1980,2009,0.022446944444444443,-0.00017318533105550686,0.022391273368449455,-0.00020933501752496824,1.9431844084145609,0.993738974483277
strict_month_extended,30,1981,2010,0.02113027777777778,-6.320532537480069e-05,0.021080800500445453,-9.870896216269772e-05,1.869835088928006,0.997042965637703
strict_month_extended,30,1982,2011,0.019750277777777776,-3.2560863740553154e-05,0.019711444860949293,-6.766289462586406e-05,1.7960516042433807,0.9979721034503755
strict_month_extended,30,1983,2012,0.018355277777777776,-0.0003499111070178492,0.01832789067664037,-0.00038755053733847717,1.724364847106233,0.9884385831783231
strict_month_extended,30,1984,2013,0.01740138888888889,-0.0006880871265435573,0.017374359582283436,-0.0007275590235639133,1.6765775375829155,0.9784019371525994
strict_month_extended,30,1985,2014,0.01649222222222222,-0.0011043273079775187,0.016464729594210352,-0.001143534400402388,1.6321850976862307,0.9662567802368107
strict_month_extended,30,1986,2015,0.015584722222222222,-0.0015083014615233537,0.01555644689476327,-0.0015461320515786298,1.5889931465280067,0.9546410658609175
strict_month_extended,30,1987,2016,0.014780277777777778,-0.0025106813470481973,0.014750227818938259,-0.0025352132357185663,1.5515819716690988,0.9266744424013379
strict_month_extended,30,1988,2017,0.014091944444444445,-0.0036094043370751764,0.014059381514212098,-0.0036285948225090025,1.5202031133923148,0.8966803595913245
strict_month_extended,30,1989,2018,0.01342888888888889,-0.004428442804457807,0.013393948546181112,-0.004448571337917137,1.4905590905864379,0.8748044789238084
strict_month_extended,30,1990,2019,0.012621944444444444,-0.0047737389086092595,0.012586352347991098,-0.004795197097809143,1.4553320373387408,0.8657129185165877
strict_month_extended,30,1991,2020,0.011685833333333333,-0.0049803151124961625,0.01165196401871604,-0.005001214958401267,1.415578213783518,0.8603526749550641
strict_month_extended,30,1992,2021,0.010741944444444445,-0.0057063036458977,0.010710722886679243,-0.005737267899137916,1.3765950322417688,0.8414626281961163
strict_month_extended,30,1993,2022,0.009804444444444444,-0.007475435329793071,0.009776693546667051,-0.007563977978185289,1.3389374173780118,0.7962979149658936
strict_month_extended,30,1994,2023,0.009081666666666667,-0.00889898934699446,0.009057551056160068,-0.009022246513263025,1.3106239530387491,0.7619336476740647
strict_month_extended,30,1995,2024,0.008577222222222222,-0.009262639231943611,0.008555375575088495,-0.009386509305117637,1.2911968418619164,0.7535761485010372
strict_month_extended,30,1996,2025,0.008054722222222222,-0.009888502391610935,0.008035071467332169,-0.010010807263581988,1.271362124881442,0.7394581651562123
modern_only_2003_latest,10,2003,2012,0.011709166666666666,-0.004423632073376138,0.011701183662748228,-0.004439749136788192,1.1233693775607831,0.9564790999241036
modern_only_2003_latest,10,2004,2013,0.010971666666666668,-0.005651488762401613,0.010961007618878076,-0.0056673932147651845,1.1151776411386043,0.944749809640651
modern_only_2003_latest,10,2005,2014,0.010115,-0.0057938085835429805,0.010101424248057178,-0.005809724514513404,1.1057318888740637,0.943398341485931
modern_only_2003_latest,10,2006,2015,0.009079166666666668,-0.005849363604457858,0.00906268087424896,-0.005865160351066674,1.094413509703077,0.9428724365669162
modern_only_2003_latest,10,2007,2016,0.007809166666666667,-0.005979713785264673,0.007791180254401704,-0.0059951186088144795,1.0807009489560078,0.9416405915777728
modern_only_2003_latest,10,2008,2017,0.006108333333333334,-0.00688769307647813,0.006093656343416365,-0.006906416861929564,1.06263497709201,0.9330432107858376
modern_only_2003_latest,10,2009,2018,0.004181666666666667,-0.007959134410481395,0.0041758806747087315,-0.007982869525862302,1.0425523182696228,0.922978782547723
modern_only_2003_latest,10,2010,2019,0.003140833333333333,-0.010053703561543725,0.003136761462624716,-0.010065146519002867,1.0318141059087318,0.9037871265193017
modern_only_2003_latest,10,2011,2020,0.0024475,-0.010149133407029077,0.002443898461152494,-0.010160068814699937,1.0247095124937204,0.9029208822365492
modern_only_2003_latest,10,2012,2021,0.0016641666666666667,-0.011875204400895034,0.001661963504913185,-0.011904094799351499,1.0167444830412669,0.8871376177535969
modern_only_2003_latest,10,2013,2022,0.0009975,-0.017009596047056874,0.0009966260019476866,-0.01716814385716799,1.0100110758688083,0.8409927396635367
modern_only_2003_latest,10,2014,2023,0.00097,-0.02121854000912159,0.0009692046580353473,-0.02143320337663511,1.0097344271125628,0.8052018386898662
modern_only_2003_latest,10,2015,2024,0.0012691666666666667,-0.022197144431710492,0.0012674175770379574,-0.022401427368333976,1.012746706251773,0.7972703035797931
modern_only_2003_latest,10,2016,2025,0.0015841666666666667,-0.02345678787706913,0.0015818734405429156,-0.023644863868635492,1.0159318152871597,0.7871874329100949
modern_only_2003_2020,10,2003,2012,0.011709166666666666,-0.004423632073376138,0.011701183662748228,-0.004439749136788192,1.1233693775607831,0.9564790999241036
modern_only_2003_2020,10,2004,2013,0.010971666666666668,-0.005651488762401613,0.010961007618878076,-0.0056673932147651845,1.1151776411386043,0.944749809640651
modern_only_2003_2020,10,2005,2014,0.010115,-0.0057938085835429805,0.010101424248057178,-0.005809724514513404,1.1057318888740637,0.943398341485931
modern_only_2003_2020,10,2006,2015,0.009079166666666668,-0.005849363604457858,0.00906268087424896,-0.005865160351066674,1.094413509703077,0.9428724365669162
modern_only_2003_2020,10,2007,2016,0.007809166666666667,-0.005979713785264673,0.007791180254401704,-0.0059951186088144795,1.0807009489560078,0.9416405915777728
modern_only_2003_2020,10,2008,2017,0.006108333333333334,-0.00688769307647813,0.006093656343416365,-0.006906416861929564,1.06263497709201,0.9330432107858376
modern_only_2003_2020,10,2009,2018,0.004181666666666667,-0.007959134410481395,0.0041758806747087315,-0.007982869525862302,1.0425523182696228,0.922978782547723
modern_only_2003_2020,10,2010,2019,0.003140833333333333,-0.010053703561543725,0.003136761462624716,-0.010065146519002867,1.0318141059087318,0.9037871265193017
modern_only_2003_2020,10,2011,2020,0.0024475,-0.010149133407029077,0.002443898461152494,-0.010160068814699937,1.0247095124937204,0.9029208822365492
early_carry_including1975_extended,10,1968,1977,0.042544002956808144,-0.0026249377470551226,0.042519749559582244,-0.0027136524623280855,1.5165017306063402,0.9731924646923101
early_carry_including1975_extended,10,1969,1978,0.04159079257429448,-0.004802691015296312,0.041555648944512955,-0.004863302218285635,1.5025356560181586,0.9524176184412694
early_carry_including1975_extended,10,1970,1979,0.041045381615390376,-0.007331195579806227,0.04100649016441361,-0.007365810707887799,1.4946323272015598,0.928736032188636
early_carry_including1975_extended,10,1971,1980,0.040934753761509096,-0.009348504800488055,0.0408965008503344,-0.009361436060106297,1.4930538985725246,0.9102324276812667
early_carry_including1975_extended,10,1972,1981,0.041150160154203155,-0.010206403512123574,0.04111045094987075,-0.010218818735607997,1.4961256223850918,0.9023851151606563
early_carry_including1975_extended,10,1973,1982,0.04180611643835616,-0.009293519919991288,0.04176402482392502,-0.009307593139394832,1.505544369090528,0.9107272757807909
early_carry_including1975_extended,10,1974,1983,0.040151168949771686,-0.007431927936291394,0.04010895788186716,-0.0074425696294448075,1.48179582665907,0.928018104323779
early_carry_including1975_extended,10,1975,1984,0.03765116894977169,-0.005451381754975537,0.03761779957237531,-0.005466947998127334,1.4466855094697257,0.9466560375753585
early_carry_including1975_extended,10,1976,1985,0.03602416666666666,-0.0033071067638280717,0.03599098227095733,-0.0033264971464718254,1.4241631731017537,0.9672285882380269
early_carry_including1975_extended,10,1977,1986,0.034896666666666666,-5.648401051027152e-05,0.03485827068652494,-0.00011406649094735813,1.408668325419623,0.9988599204148615
early_carry_including1975_extended,10,1978,1987,0.033870833333333336,0.002357859659151984,0.03382429465345484,0.0022879133540202163,1.3946567650722446,1.0231161310912698
early_carry_including1975_extended,10,1979,1988,0.033328333333333335,0.0032351207301066997,0.0332760891736971,0.003165140329360574,1.3872789479403993,1.0321060445968508
early_carry_including1975_extended,10,1980,1989,0.03261583333333333,0.003747957171117533,0.032560099282319906,0.003682744146695688,1.3776959700897276,1.037443791178991
early_carry_including1975_extended,10,1981,1990,0.030780833333333334,0.0046021959543350085,0.030734992790415087,0.004543402661544185,1.3535372215837778,1.0463742839044003
early_carry_including1975_extended,10,1982,1991,0.028689166666666665,0.005146023945576406,0.028661400634310753,0.005095795899861234,1.3265524842829415,1.0521425013698524
early_carry_including1975_extended,10,1983,1992,0.02665,0.004366976621268792,0.026643121839809047,0.00430733767287793,1.3007535466643985,1.043917931258035
early_carry_including1975_extended,10,1984,1993,0.025929166666666666,0.003414166652231121,0.025924191355286747,0.003345462333222658,1.2916733709131476,1.0339627882006919
early_carry_including1975_extended,10,1985,1994,0.025014166666666667,0.0022777913401877846,0.025009237350211374,0.002206233946235781,1.2801999107210738,1.0222826691739104
early_carry_including1975_extended,10,1986,1995,0.024174166666666667,0.0016838149131936154,0.02416924834336991,0.0016141830081313228,1.2697473522593679,1.0162595876223235
early_carry_including1975_extended,10,1987,1996,0.023663333333333335,-0.0003640826446744794,0.023657697373417764,-0.00040226089676373596,1.2634194675813493,0.9959846648492013
early_carry_including1975_extended,10,1988,1997,0.023265833333333333,-0.0024517363918170054,0.02325849210076319,-0.0024706060732084256,1.2585010312435327,0.9755668126772319
early_carry_including1975_extended,10,1989,1998,0.022818333333333333,-0.002471028592107738,0.02280871056050874,-0.0024897154813456027,1.2529801174801334,0.9753799420195735
early_carry_including1975_extended,10,1990,1999,0.021691666666666668,-0.0014609154510148326,0.02167810428089074,-0.001483410742308009,1.2391984472840436,0.9852645247155853
early_carry_including1975_extended,10,1991,2000,0.020129166666666667,-0.0016939787769201242,0.020114628822097153,-0.0017161629493037563,1.2203650335266973,0.9829703004755846
early_carry_including1975_extended,10,1992,2001,0.018495833333333333,-0.0016987470222749267,0.01848251750672044,-0.0017209616927498222,1.2009800309680432,0.9829230501838617
early_carry_including1975_extended,10,1993,2002,0.01670666666666667,-0.0009930778689462016,0.016696096415076914,-0.0010108192958057066,1.1800803014726966,0.9899376623278696
early_carry_including1975_extended,10,1994,2003,0.015303333333333334,0.00017306073053982018,0.015296030808549096,0.00016017645826769817,1.1639300574404488,1.0016029196183633
early_carry_including1975_extended,10,1995,2004,0.0143475,0.00020303531942263974,0.014341462310920292,0.0001903147326450661,1.1530331168794987,1.001904778040289
early_carry_including1975_extended,10,1996,2005,0.013500833333333333,-0.0003593556933058184,0.013496670426883638,-0.0003723699543555642,1.143466018358894,0.9962825339368001
early_carry_including1975_extended,10,1997,2006,0.012868333333333334,-0.0011882476112054397,0.012866396035688475,-0.0011990742206605912,1.1363748865932053,0.9880737514008371
early_carry_including1975_extended,10,1998,2007,0.012901666666666667,-0.0014887835429303943,0.012899585727013383,-0.0015004160776145728,1.136747309785482,0.9850967411273975
early_carry_including1975_extended,10,1999,2008,0.013286666666666667,-0.0028551654107842883,0.013282905444846272,-0.0028636557183943897,1.1410565272259396,0.9717296624558355
early_carry_including1975_extended,10,2000,2009,0.013033333333333334,-0.002806597713269221,0.013029230360269347,-0.00281556699142734,1.1382031115434217,0.9721983986042164
early_carry_including1975_extended,10,2001,2010,0.012480833333333333,-0.0030978331535392867,0.012475061167750904,-0.003106780760309315,1.131991971563889,0.9693629573594411
early_carry_including1975_extended,10,2002,2011,0.012065833333333333,-0.0035449595145231384,0.012059063858348764,-0.0035570661726575374,1.1273495273422072,0.9649933433512001
early_carry_including1975_extended,10,2003,2012,0.011709166666666666,-0.004423632073376138,0.011701183662748228,-0.004439749136788192,1.1233693775607831,0.9564790999241036
early_carry_including1975_extended,10,2004,2013,0.010971666666666668,-0.005651488762401613,0.010961007618878076,-0.0056673932147651845,1.1151776411386043,0.944749809640651
early_carry_including1975_extended,10,2005,2014,0.010115,-0.0057938085835429805,0.010101424248057178,-0.005809724514513404,1.1057318888740637,0.943398341485931
early_carry_including1975_extended,10,2006,2015,0.009079166666666668,-0.005849363604457858,0.00906268087424896,-0.005865160351066674,1.094413509703077,0.9428724365669162
early_carry_including1975_extended,10,2007,2016,0.007809166666666667,-0.005979713785264673,0.007791180254401704,-0.0059951186088144795,1.0807009489560078,0.9416405915777728
early_carry_including1975_extended,10,2008,2017,0.006108333333333334,-0.00688769307647813,0.006093656343416365,-0.006906416861929564,1.06263497709201,0.9330432107858376
early_carry_including1975_extended,10,2009,2018,0.004181666666666667,-0.007959134410481395,0.0041758806747087315,-0.007982869525862302,1.0425523182696228,0.922978782547723
early_carry_including1975_extended,10,2010,2019,0.003140833333333333,-0.010053703561543725,0.003136761462624716,-0.010065146519002867,1.0318141059087318,0.9037871265193017
early_carry_including1975_extended,10,2011,2020,0.0024475,-0.010149133407029077,0.002443898461152494,-0.010160068814699937,1.0247095124937204,0.9029208822365492
early_carry_including1975_extended,10,2012,2021,0.0016641666666666667,-0.011875204400895034,0.001661963504913185,-0.011904094799351499,1.0167444830412669,0.8871376177535969
early_carry_including1975_extended,10,2013,2022,0.0009975,-0.017009596047056874,0.0009966260019476866,-0.01716814385716799,1.0100110758688083,0.8409927396635367
early_carry_including1975_extended,10,2014,2023,0.00097,-0.02121854000912159,0.0009692046580353473,-0.02143320337663511,1.0097344271125628,0.8052018386898662
early_carry_including1975_extended,10,2015,2024,0.0012691666666666667,-0.022197144431710492,0.0012674175770379574,-0.022401427368333976,1.012746706251773,0.7972703035797931
early_carry_including1975_extended,10,2016,2025,0.0015841666666666667,-0.02345678787706913,0.0015818734405429156,-0.023644863868635492,1.0159318152871597,0.7871874329100949
early_carry_including1975_extended,30,1968,1997,0.03322688987449161,-0.000906271493240048,0.033170809606148065,-0.0009680991169901402,2.661728923253413,0.971361055647455
early_carry_including1975_extended,30,1969,1998,0.03257915308032038,-0.0013461996257657833,0.032518302521628975,-0.001401631700233212,2.6117569695652776,0.9587945629276708
early_carry_including1975_extended,30,1970,1999,0.03178429387179679,-0.0016813846199011755,0.031717872705653995,-0.0017323660122307812,2.551694161679194,0.9493136313717844
early_carry_including1975_extended,30,1971,2000,0.03061491792050303,-0.00214676254102439,0.030547106263755956,-0.0021942738486319838,2.466240608892956,0.9362239728935909
early_carry_including1975_extended,30,1972,2001,0.029445053384734386,-0.0022530421962740316,0.029376563466468105,-0.002301007709277082,2.383572050249058,0.9332242317566339
early_carry_including1975_extended,30,1973,2002,0.028387594368340943,-0.0019732070558895662,0.028316184826243568,-0.0020194323048415594,2.311001027511957,0.9411580223823494
early_carry_including1975_extended,30,1974,2003,0.027127889649923895,-0.0012815668511734842,0.027059487072689445,-0.0013225784167294574,2.2277577191416515,0.9610742460254414
early_carry_including1975_extended,30,1975,2004,0.025670945205479453,-0.000990185031788371,0.025612070631983126,-0.0010287524830445835,2.135471133060569,0.9695934099465918
early_carry_including1975_extended,30,1976,2005,0.024566388888888888,-0.0006608825146467583,0.024511122566599947,-0.0006969569875472617,2.0677609528141074,0.9793012231524383
early_carry_including1975_extended,30,1977,2006,0.023809444444444446,-0.0005362714221300635,0.023754753705892428,-0.0005719059020223438,2.0224506880407658,0.982984344628305
early_carry_including1975_extended,30,1978,2007,0.023346111111111113,-0.0005275534251984719,0.023291802284106204,-0.0005631433152589781,1.9951927068864999,0.9832429299366908
early_carry_including1975_extended,30,1979,2008,0.023144444444444443,-0.0006970244242617755,0.023089995474583035,-0.0007332117303913367,1.9834220410768646,0.9782359113883281
early_carry_including1975_extended,30,1980,2009,0.022446944444444443,-0.00017318533105550686,0.022391273368449455,-0.00020933501752496824,1.9431844084145609,0.993738974483277
early_carry_including1975_extended,30,1981,2010,0.02113027777777778,-6.320532537480069e-05,0.021080800500445453,-9.870896216269772e-05,1.869835088928006,0.997042965637703
early_carry_including1975_extended,30,1982,2011,0.019750277777777776,-3.2560863740553154e-05,0.019711444860949293,-6.766289462586406e-05,1.7960516042433807,0.9979721034503755
early_carry_including1975_extended,30,1983,2012,0.018355277777777776,-0.0003499111070178492,0.01832789067664037,-0.00038755053733847717,1.724364847106233,0.9884385831783231
early_carry_including1975_extended,30,1984,2013,0.01740138888888889,-0.0006880871265435573,0.017374359582283436,-0.0007275590235639133,1.6765775375829155,0.9784019371525994
early_carry_including1975_extended,30,1985,2014,0.01649222222222222,-0.0011043273079775187,0.016464729594210352,-0.001143534400402388,1.6321850976862307,0.9662567802368107
early_carry_including1975_extended,30,1986,2015,0.015584722222222222,-0.0015083014615233537,0.01555644689476327,-0.0015461320515786298,1.5889931465280067,0.9546410658609175
early_carry_including1975_extended,30,1987,2016,0.014780277777777778,-0.0025106813470481973,0.014750227818938259,-0.0025352132357185663,1.5515819716690988,0.9266744424013379
early_carry_including1975_extended,30,1988,2017,0.014091944444444445,-0.0036094043370751764,0.014059381514212098,-0.0036285948225090025,1.5202031133923148,0.8966803595913245
early_carry_including1975_extended,30,1989,2018,0.01342888888888889,-0.004428442804457807,0.013393948546181112,-0.004448571337917137,1.4905590905864379,0.8748044789238084
early_carry_including1975_extended,30,1990,2019,0.012621944444444444,-0.0047737389086092595,0.012586352347991098,-0.004795197097809143,1.4553320373387408,0.8657129185165877
early_carry_including1975_extended,30,1991,2020,0.011685833333333333,-0.0049803151124961625,0.01165196401871604,-0.005001214958401267,1.415578213783518,0.8603526749550641
early_carry_including1975_extended,30,1992,2021,0.010741944444444445,-0.0057063036458977,0.010710722886679243,-0.005737267899137916,1.3765950322417688,0.8414626281961163
early_carry_including1975_extended,30,1993,2022,0.009804444444444444,-0.007475435329793071,0.009776693546667051,-0.007563977978185289,1.3389374173780118,0.7962979149658936
early_carry_including1975_extended,30,1994,2023,0.009081666666666667,-0.00889898934699446,0.009057551056160068,-0.009022246513263025,1.3106239530387491,0.7619336476740647
early_carry_including1975_extended,30,1995,2024,0.008577222222222222,-0.009262639231943611,0.008555375575088495,-0.009386509305117637,1.2911968418619164,0.7535761485010372
early_carry_including1975_extended,30,1996,2025,0.008054722222222222,-0.009888502391610935,0.008035071467332169,-0.010010807263581988,1.271362124881442,0.7394581651562123
1975_available_11_month_mean,10,1968,1977,0.04254984848484848,-0.002616205605883015,0.042525004804505176,-0.0027086252347701587,1.5165781777797298,0.9732415235305484
1975_available_11_month_mean,10,1969,1978,0.041600681818181814,-0.004789973281502935,0.04156496860704741,-0.004854397904619397,1.502670105762893,0.9525028425789909
1975_available_11_month_mean,10,1970,1979,0.04099568181818181,-0.007376917572488084,0.04095599848193501,-0.007413956200520786,1.4939075475557932,0.9282856679350538
1975_available_11_month_mean,10,1971,1980,0.04076484848484848,-0.009510414127316092,0.040726653384017084,-0.009523082727170642,1.4906194077808794,0.9087482532214123
1975_available_11_month_mean,10,1972,1981,0.04103651515151515,-0.010314841962373833,0.040996519107945925,-0.01032713346146738,1.4944891732334133,0.9013980941952392
1975_available_11_month_mean,10,1973,1982,0.041753181818181814,-0.009344422073435055,0.04171073340712808,-0.009358271988648139,1.504774385449773,0.910261500664536
1975_available_11_month_mean,10,1974,1983,0.04000151515151515,-0.00757322184495216,0.039959919630113354,-0.007584794175312512,1.4796739152024578,0.9266891950286653
1975_available_11_month_mean,10,1975,1984,0.03750151515151515,-0.005592675663636304,0.037469118281184585,-0.005609455632792444,1.44461387550948,0.94530043901349
1975_available_11_month_mean,10,1976,1985,0.03602416666666666,-0.0033071067638280717,0.03599098227095733,-0.0033264971464718254,1.4241631731017537,0.9672285882380269
1975_available_11_month_mean,10,1977,1986,0.034896666666666666,-5.648401051027152e-05,0.03485827068652494,-0.00011406649094735813,1.408668325419623,0.9988599204148615
1975_available_11_month_mean,10,1978,1987,0.033870833333333336,0.002357859659151984,0.03382429465345484,0.0022879133540202163,1.3946567650722446,1.0231161310912698
1975_available_11_month_mean,10,1979,1988,0.033328333333333335,0.0032351207301066997,0.0332760891736971,0.003165140329360574,1.3872789479403993,1.0321060445968508
1975_available_11_month_mean,10,1980,1989,0.03261583333333333,0.003747957171117533,0.032560099282319906,0.003682744146695688,1.3776959700897276,1.037443791178991
1975_available_11_month_mean,10,1981,1990,0.030780833333333334,0.0046021959543350085,0.030734992790415087,0.004543402661544185,1.3535372215837778,1.0463742839044003
1975_available_11_month_mean,10,1982,1991,0.028689166666666665,0.005146023945576406,0.028661400634310753,0.005095795899861234,1.3265524842829415,1.0521425013698524
1975_available_11_month_mean,10,1983,1992,0.02665,0.004366976621268792,0.026643121839809047,0.00430733767287793,1.3007535466643985,1.043917931258035
1975_available_11_month_mean,10,1984,1993,0.025929166666666666,0.003414166652231121,0.025924191355286747,0.003345462333222658,1.2916733709131476,1.0339627882006919
1975_available_11_month_mean,10,1985,1994,0.025014166666666667,0.0022777913401877846,0.025009237350211374,0.002206233946235781,1.2801999107210738,1.0222826691739104
1975_available_11_month_mean,10,1986,1995,0.024174166666666667,0.0016838149131936154,0.02416924834336991,0.0016141830081313228,1.2697473522593679,1.0162595876223235
1975_available_11_month_mean,10,1987,1996,0.023663333333333335,-0.0003640826446744794,0.023657697373417764,-0.00040226089676373596,1.2634194675813493,0.9959846648492013
1975_available_11_month_mean,10,1988,1997,0.023265833333333333,-0.0024517363918170054,0.02325849210076319,-0.0024706060732084256,1.2585010312435327,0.9755668126772319
1975_available_11_month_mean,10,1989,1998,0.022818333333333333,-0.002471028592107738,0.02280871056050874,-0.0024897154813456027,1.2529801174801334,0.9753799420195735
1975_available_11_month_mean,10,1990,1999,0.021691666666666668,-0.0014609154510148326,0.02167810428089074,-0.001483410742308009,1.2391984472840436,0.9852645247155853
1975_available_11_month_mean,10,1991,2000,0.020129166666666667,-0.0016939787769201242,0.020114628822097153,-0.0017161629493037563,1.2203650335266973,0.9829703004755846
1975_available_11_month_mean,10,1992,2001,0.018495833333333333,-0.0016987470222749267,0.01848251750672044,-0.0017209616927498222,1.2009800309680432,0.9829230501838617
1975_available_11_month_mean,10,1993,2002,0.01670666666666667,-0.0009930778689462016,0.016696096415076914,-0.0010108192958057066,1.1800803014726966,0.9899376623278696
1975_available_11_month_mean,10,1994,2003,0.015303333333333334,0.00017306073053982018,0.015296030808549096,0.00016017645826769817,1.1639300574404488,1.0016029196183633
1975_available_11_month_mean,10,1995,2004,0.0143475,0.00020303531942263974,0.014341462310920292,0.0001903147326450661,1.1530331168794987,1.001904778040289
1975_available_11_month_mean,10,1996,2005,0.013500833333333333,-0.0003593556933058184,0.013496670426883638,-0.0003723699543555642,1.143466018358894,0.9962825339368001
1975_available_11_month_mean,10,1997,2006,0.012868333333333334,-0.0011882476112054397,0.012866396035688475,-0.0011990742206605912,1.1363748865932053,0.9880737514008371
1975_available_11_month_mean,10,1998,2007,0.012901666666666667,-0.0014887835429303943,0.012899585727013383,-0.0015004160776145728,1.136747309785482,0.9850967411273975
1975_available_11_month_mean,10,1999,2008,0.013286666666666667,-0.0028551654107842883,0.013282905444846272,-0.0028636557183943897,1.1410565272259396,0.9717296624558355
1975_available_11_month_mean,10,2000,2009,0.013033333333333334,-0.002806597713269221,0.013029230360269347,-0.00281556699142734,1.1382031115434217,0.9721983986042164
1975_available_11_month_mean,10,2001,2010,0.012480833333333333,-0.0030978331535392867,0.012475061167750904,-0.003106780760309315,1.131991971563889,0.9693629573594411
1975_available_11_month_mean,10,2002,2011,0.012065833333333333,-0.0035449595145231384,0.012059063858348764,-0.0035570661726575374,1.1273495273422072,0.9649933433512001
1975_available_11_month_mean,10,2003,2012,0.011709166666666666,-0.004423632073376138,0.011701183662748228,-0.004439749136788192,1.1233693775607831,0.9564790999241036
1975_available_11_month_mean,10,2004,2013,0.010971666666666668,-0.005651488762401613,0.010961007618878076,-0.0056673932147651845,1.1151776411386043,0.944749809640651
1975_available_11_month_mean,10,2005,2014,0.010115,-0.0057938085835429805,0.010101424248057178,-0.005809724514513404,1.1057318888740637,0.943398341485931
1975_available_11_month_mean,10,2006,2015,0.009079166666666668,-0.005849363604457858,0.00906268087424896,-0.005865160351066674,1.094413509703077,0.9428724365669162
1975_available_11_month_mean,10,2007,2016,0.007809166666666667,-0.005979713785264673,0.007791180254401704,-0.0059951186088144795,1.0807009489560078,0.9416405915777728
1975_available_11_month_mean,10,2008,2017,0.006108333333333334,-0.00688769307647813,0.006093656343416365,-0.006906416861929564,1.06263497709201,0.9330432107858376
1975_available_11_month_mean,10,2009,2018,0.004181666666666667,-0.007959134410481395,0.0041758806747087315,-0.007982869525862302,1.0425523182696228,0.922978782547723
1975_available_11_month_mean,10,2010,2019,0.003140833333333333,-0.010053703561543725,0.003136761462624716,-0.010065146519002867,1.0318141059087318,0.9037871265193017
1975_available_11_month_mean,10,2011,2020,0.0024475,-0.010149133407029077,0.002443898461152494,-0.010160068814699937,1.0247095124937204,0.9029208822365492
1975_available_11_month_mean,10,2012,2021,0.0016641666666666667,-0.011875204400895034,0.001661963504913185,-0.011904094799351499,1.0167444830412669,0.8871376177535969
1975_available_11_month_mean,10,2013,2022,0.0009975,-0.017009596047056874,0.0009966260019476866,-0.01716814385716799,1.0100110758688083,0.8409927396635367
1975_available_11_month_mean,10,2014,2023,0.00097,-0.02121854000912159,0.0009692046580353473,-0.02143320337663511,1.0097344271125628,0.8052018386898662
1975_available_11_month_mean,10,2015,2024,0.0012691666666666667,-0.022197144431710492,0.0012674175770379574,-0.022401427368333976,1.012746706251773,0.7972703035797931
1975_available_11_month_mean,10,2016,2025,0.0015841666666666667,-0.02345678787706913,0.0015818734405429156,-0.023644863868635492,1.0159318152871597,0.7871874329100949
1975_available_11_month_mean,30,1968,1997,0.03322883838383838,-0.0009033607795160121,0.03317254564249356,-0.0009664204442342471,2.6618631015721093,0.9714100221639757
1975_available_11_month_mean,30,1969,1998,0.0325824494949495,-0.0013419603811679912,0.03252138211174312,-0.0013986532797485294,2.6119906745402384,0.9588803576864984
1975_available_11_month_mean,30,1970,1999,0.031767727272727274,-0.0016966252841284612,0.03170119204965047,-0.0017485058499155967,2.5504567898139205,0.9488532885938689
1975_available_11_month_mean,30,1971,2000,0.030558282828282827,-0.0022007323166337357,0.030491050310679793,-0.0022485488552030472,2.46221929388345,0.9346974180631817
1975_available_11_month_mean,30,1972,2001,0.029407171717171717,-0.0022891883463574516,0.029339012840877594,-0.0023374027688123173,2.3809649199377834,0.9322034792345636
1975_available_11_month_mean,30,1973,2002,0.028369949494949493,-0.0019901744403708213,0.028298650029634626,-0.002036449820010947,2.3098191075224275,0.9406766840070233
1975_available_11_month_mean,30,1974,2003,0.02707800505050505,-0.0013286648207270731,0.027010428602721175,-0.0013702811904357467,2.224567600407506,0.9596980007853038
1975_available_11_month_mean,30,1975,2004,0.025621060606060606,-0.00103728300134196,0.02556308129923318,-0.001076469291625118,2.1324131674616766,0.9682049653796642
1975_available_11_month_mean,30,1976,2005,0.024566388888888888,-0.0006608825146467583,0.024511122566599947,-0.0006969569875472617,2.0677609528141074,0.9793012231524383
1975_available_11_month_mean,30,1977,2006,0.023809444444444446,-0.0005362714221300635,0.023754753705892428,-0.0005719059020223438,2.0224506880407658,0.982984344628305
1975_available_11_month_mean,30,1978,2007,0.023346111111111113,-0.0005275534251984719,0.023291802284106204,-0.0005631433152589781,1.9951927068864999,0.9832429299366908
1975_available_11_month_mean,30,1979,2008,0.023144444444444443,-0.0006970244242617755,0.023089995474583035,-0.0007332117303913367,1.9834220410768646,0.9782359113883281
1975_available_11_month_mean,30,1980,2009,0.022446944444444443,-0.00017318533105550686,0.022391273368449455,-0.00020933501752496824,1.9431844084145609,0.993738974483277
1975_available_11_month_mean,30,1981,2010,0.02113027777777778,-6.320532537480069e-05,0.021080800500445453,-9.870896216269772e-05,1.869835088928006,0.997042965637703
1975_available_11_month_mean,30,1982,2011,0.019750277777777776,-3.2560863740553154e-05,0.019711444860949293,-6.766289462586406e-05,1.7960516042433807,0.9979721034503755
1975_available_11_month_mean,30,1983,2012,0.018355277777777776,-0.0003499111070178492,0.01832789067664037,-0.00038755053733847717,1.724364847106233,0.9884385831783231
1975_available_11_month_mean,30,1984,2013,0.01740138888888889,-0.0006880871265435573,0.017374359582283436,-0.0007275590235639133,1.6765775375829155,0.9784019371525994
1975_available_11_month_mean,30,1985,2014,0.01649222222222222,-0.0011043273079775187,0.016464729594210352,-0.001143534400402388,1.6321850976862307,0.9662567802368107
1975_available_11_month_mean,30,1986,2015,0.015584722222222222,-0.0015083014615233537,0.01555644689476327,-0.0015461320515786298,1.5889931465280067,0.9546410658609175
1975_available_11_month_mean,30,1987,2016,0.014780277777777778,-0.0025106813470481973,0.014750227818938259,-0.0025352132357185663,1.5515819716690988,0.9266744424013379
1975_available_11_month_mean,30,1988,2017,0.014091944444444445,-0.0036094043370751764,0.014059381514212098,-0.0036285948225090025,1.5202031133923148,0.8966803595913245
1975_available_11_month_mean,30,1989,2018,0.01342888888888889,-0.004428442804457807,0.013393948546181112,-0.004448571337917137,1.4905590905864379,0.8748044789238084
1975_available_11_month_mean,30,1990,2019,0.012621944444444444,-0.0047737389086092595,0.012586352347991098,-0.004795197097809143,1.4553320373387408,0.8657129185165877
1975_available_11_month_mean,30,1991,2020,0.011685833333333333,-0.0049803151124961625,0.01165196401871604,-0.005001214958401267,1.415578213783518,0.8603526749550641
1975_available_11_month_mean,30,1992,2021,0.010741944444444445,-0.0057063036458977,0.010710722886679243,-0.005737267899137916,1.3765950322417688,0.8414626281961163
1975_available_11_month_mean,30,1993,2022,0.009804444444444444,-0.007475435329793071,0.009776693546667051,-0.007563977978185289,1.3389374173780118,0.7962979149658936
1975_available_11_month_mean,30,1994,2023,0.009081666666666667,-0.00889898934699446,0.009057551056160068,-0.009022246513263025,1.3106239530387491,0.7619336476740647
1975_available_11_month_mean,30,1995,2024,0.008577222222222222,-0.009262639231943611,0.008555375575088495,-0.009386509305117637,1.2911968418619164,0.7535761485010372
1975_available_11_month_mean,30,1996,2025,0.008054722222222222,-0.009888502391610935,0.008035071467332169,-0.010010807263581988,1.271362124881442,0.7394581651562123
1975_jan_prior_nov_quote,10,1968,1977,0.042645833333333334,-0.0025255826175416994,0.042620852786972446,-0.0026169359556039674,1.517973071060481,0.9741366755785018
1975_jan_prior_nov_quote,10,1969,1978,0.04169666666666667,-0.00469935029316162,0.04166072832541339,-0.004762905904156634,1.504052206906392,0.953378919944785
1975_jan_prior_nov_quote,10,1970,1979,0.041091666666666665,-0.007286294584146769,0.041051702212619536,-0.007322699521510783,1.4952815892179252,0.9291394712270912
1975_jan_prior_nov_quote,10,1971,1980,0.04086083333333333,-0.009419791138974776,0.04082233602910191,-0.009432019957679756,1.491990425132003,0.9095840867121517
1975_jan_prior_nov_quote,10,1972,1981,0.041132499999999995,-0.010224218974032518,0.041092226564028146,-0.010236144615038606,1.495863749853625,0.9022271672778518
1975_jan_prior_nov_quote,10,1973,1982,0.041849166666666666,-0.00925379908509374,0.04180650652686279,-0.009267194066737209,1.5061584220329602,0.9110987259850681
1975_jan_prior_nov_quote,10,1974,1983,0.0400975,-0.007482598856610845,0.04005553178299602,-0.007493553202856439,1.4810348652888163,0.9275415299431653
1975_jan_prior_nov_quote,10,1975,1984,0.0375975,-0.005502052675294989,0.037564501434011695,-0.005518033051057825,1.445942578650375,0.9461698918712398
1975_jan_prior_nov_quote,10,1976,1985,0.03602416666666666,-0.0033071067638280717,0.03599098227095733,-0.0033264971464718254,1.4241631731017537,0.9672285882380269
1975_jan_prior_nov_quote,10,1977,1986,0.034896666666666666,-5.648401051027152e-05,0.03485827068652494,-0.00011406649094735813,1.408668325419623,0.9988599204148615
1975_jan_prior_nov_quote,10,1978,1987,0.033870833333333336,0.002357859659151984,0.03382429465345484,0.0022879133540202163,1.3946567650722446,1.0231161310912698
1975_jan_prior_nov_quote,10,1979,1988,0.033328333333333335,0.0032351207301066997,0.0332760891736971,0.003165140329360574,1.3872789479403993,1.0321060445968508
1975_jan_prior_nov_quote,10,1980,1989,0.03261583333333333,0.003747957171117533,0.032560099282319906,0.003682744146695688,1.3776959700897276,1.037443791178991
1975_jan_prior_nov_quote,10,1981,1990,0.030780833333333334,0.0046021959543350085,0.030734992790415087,0.004543402661544185,1.3535372215837778,1.0463742839044003
1975_jan_prior_nov_quote,10,1982,1991,0.028689166666666665,0.005146023945576406,0.028661400634310753,0.005095795899861234,1.3265524842829415,1.0521425013698524
1975_jan_prior_nov_quote,10,1983,1992,0.02665,0.004366976621268792,0.026643121839809047,0.00430733767287793,1.3007535466643985,1.043917931258035
1975_jan_prior_nov_quote,10,1984,1993,0.025929166666666666,0.003414166652231121,0.025924191355286747,0.003345462333222658,1.2916733709131476,1.0339627882006919
1975_jan_prior_nov_quote,10,1985,1994,0.025014166666666667,0.0022777913401877846,0.025009237350211374,0.002206233946235781,1.2801999107210738,1.0222826691739104
1975_jan_prior_nov_quote,10,1986,1995,0.024174166666666667,0.0016838149131936154,0.02416924834336991,0.0016141830081313228,1.2697473522593679,1.0162595876223235
1975_jan_prior_nov_quote,10,1987,1996,0.023663333333333335,-0.0003640826446744794,0.023657697373417764,-0.00040226089676373596,1.2634194675813493,0.9959846648492013
1975_jan_prior_nov_quote,10,1988,1997,0.023265833333333333,-0.0024517363918170054,0.02325849210076319,-0.0024706060732084256,1.2585010312435327,0.9755668126772319
1975_jan_prior_nov_quote,10,1989,1998,0.022818333333333333,-0.002471028592107738,0.02280871056050874,-0.0024897154813456027,1.2529801174801334,0.9753799420195735
1975_jan_prior_nov_quote,10,1990,1999,0.021691666666666668,-0.0014609154510148326,0.02167810428089074,-0.001483410742308009,1.2391984472840436,0.9852645247155853
1975_jan_prior_nov_quote,10,1991,2000,0.020129166666666667,-0.0016939787769201242,0.020114628822097153,-0.0017161629493037563,1.2203650335266973,0.9829703004755846
1975_jan_prior_nov_quote,10,1992,2001,0.018495833333333333,-0.0016987470222749267,0.01848251750672044,-0.0017209616927498222,1.2009800309680432,0.9829230501838617
1975_jan_prior_nov_quote,10,1993,2002,0.01670666666666667,-0.0009930778689462016,0.016696096415076914,-0.0010108192958057066,1.1800803014726966,0.9899376623278696
1975_jan_prior_nov_quote,10,1994,2003,0.015303333333333334,0.00017306073053982018,0.015296030808549096,0.00016017645826769817,1.1639300574404488,1.0016029196183633
1975_jan_prior_nov_quote,10,1995,2004,0.0143475,0.00020303531942263974,0.014341462310920292,0.0001903147326450661,1.1530331168794987,1.001904778040289
1975_jan_prior_nov_quote,10,1996,2005,0.013500833333333333,-0.0003593556933058184,0.013496670426883638,-0.0003723699543555642,1.143466018358894,0.9962825339368001
1975_jan_prior_nov_quote,10,1997,2006,0.012868333333333334,-0.0011882476112054397,0.012866396035688475,-0.0011990742206605912,1.1363748865932053,0.9880737514008371
1975_jan_prior_nov_quote,10,1998,2007,0.012901666666666667,-0.0014887835429303943,0.012899585727013383,-0.0015004160776145728,1.136747309785482,0.9850967411273975
1975_jan_prior_nov_quote,10,1999,2008,0.013286666666666667,-0.0028551654107842883,0.013282905444846272,-0.0028636557183943897,1.1410565272259396,0.9717296624558355
1975_jan_prior_nov_quote,10,2000,2009,0.013033333333333334,-0.002806597713269221,0.013029230360269347,-0.00281556699142734,1.1382031115434217,0.9721983986042164
1975_jan_prior_nov_quote,10,2001,2010,0.012480833333333333,-0.0030978331535392867,0.012475061167750904,-0.003106780760309315,1.131991971563889,0.9693629573594411
1975_jan_prior_nov_quote,10,2002,2011,0.012065833333333333,-0.0035449595145231384,0.012059063858348764,-0.0035570661726575374,1.1273495273422072,0.9649933433512001
1975_jan_prior_nov_quote,10,2003,2012,0.011709166666666666,-0.004423632073376138,0.011701183662748228,-0.004439749136788192,1.1233693775607831,0.9564790999241036
1975_jan_prior_nov_quote,10,2004,2013,0.010971666666666668,-0.005651488762401613,0.010961007618878076,-0.0056673932147651845,1.1151776411386043,0.944749809640651
1975_jan_prior_nov_quote,10,2005,2014,0.010115,-0.0057938085835429805,0.010101424248057178,-0.005809724514513404,1.1057318888740637,0.943398341485931
1975_jan_prior_nov_quote,10,2006,2015,0.009079166666666668,-0.005849363604457858,0.00906268087424896,-0.005865160351066674,1.094413509703077,0.9428724365669162
1975_jan_prior_nov_quote,10,2007,2016,0.007809166666666667,-0.005979713785264673,0.007791180254401704,-0.0059951186088144795,1.0807009489560078,0.9416405915777728
1975_jan_prior_nov_quote,10,2008,2017,0.006108333333333334,-0.00688769307647813,0.006093656343416365,-0.006906416861929564,1.06263497709201,0.9330432107858376
1975_jan_prior_nov_quote,10,2009,2018,0.004181666666666667,-0.007959134410481395,0.0041758806747087315,-0.007982869525862302,1.0425523182696228,0.922978782547723
1975_jan_prior_nov_quote,10,2010,2019,0.003140833333333333,-0.010053703561543725,0.003136761462624716,-0.010065146519002867,1.0318141059087318,0.9037871265193017
1975_jan_prior_nov_quote,10,2011,2020,0.0024475,-0.010149133407029077,0.002443898461152494,-0.010160068814699937,1.0247095124937204,0.9029208822365492
1975_jan_prior_nov_quote,10,2012,2021,0.0016641666666666667,-0.011875204400895034,0.001661963504913185,-0.011904094799351499,1.0167444830412669,0.8871376177535969
1975_jan_prior_nov_quote,10,2013,2022,0.0009975,-0.017009596047056874,0.0009966260019476866,-0.01716814385716799,1.0100110758688083,0.8409927396635367
1975_jan_prior_nov_quote,10,2014,2023,0.00097,-0.02121854000912159,0.0009692046580353473,-0.02143320337663511,1.0097344271125628,0.8052018386898662
1975_jan_prior_nov_quote,10,2015,2024,0.0012691666666666667,-0.022197144431710492,0.0012674175770379574,-0.022401427368333976,1.012746706251773,0.7972703035797931
1975_jan_prior_nov_quote,10,2016,2025,0.0015841666666666667,-0.02345678787706913,0.0015818734405429156,-0.023644863868635492,1.0159318152871597,0.7871874329100949
1975_jan_prior_nov_quote,30,1968,1997,0.03326083333333333,-0.0008731531167355737,0.033204207383277416,-0.0009358048976213697,2.664311386143959,0.9723034896637881
1975_jan_prior_nov_quote,30,1969,1998,0.032614444444444446,-0.0013117527183875526,0.03255302389751462,-0.0013680509789812314,2.6143930882731308,0.9597623008580266
1975_jan_prior_nov_quote,30,1970,1999,0.03179972222222222,-0.0016664176213480226,0.031732808700564046,-0.001717914270437241,2.5528026069244945,0.9497260092330486
1975_jan_prior_nov_quote,30,1971,2000,0.03059027777777778,-0.002170524653853297,0.03052262987660286,-0.002217972599623958,2.46448395336431,0.935557118649076
1975_jan_prior_nov_quote,30,1972,2001,0.029439166666666666,-0.002258980683577013,0.029370557102424935,-0.0023068292361758695,2.3831548446097752,0.9330608859865064
1975_jan_prior_nov_quote,30,1973,2002,0.028401944444444445,-0.0019599667775903828,0.028330162409094327,-0.0020058670646224104,2.3119435948716722,0.9415418841035996
1975_jan_prior_nov_quote,30,1974,2003,0.02711,-0.0012984571579466345,0.02704190150442562,-0.001339678020201155,2.226613676530616,0.9605806959951253
1975_jan_prior_nov_quote,30,1975,2004,0.025653055555555554,-0.0010070753385615213,0.025594509846743992,-0.0010458571174770768,2.1343744832993043,0.9690954849851722
1975_jan_prior_nov_quote,30,1976,2005,0.024566388888888888,-0.0006608825146467583,0.024511122566599947,-0.0006969569875472617,2.0677609528141074,0.9793012231524383
1975_jan_prior_nov_quote,30,1977,2006,0.023809444444444446,-0.0005362714221300635,0.023754753705892428,-0.0005719059020223438,2.0224506880407658,0.982984344628305
1975_jan_prior_nov_quote,30,1978,2007,0.023346111111111113,-0.0005275534251984719,0.023291802284106204,-0.0005631433152589781,1.9951927068864999,0.9832429299366908
1975_jan_prior_nov_quote,30,1979,2008,0.023144444444444443,-0.0006970244242617755,0.023089995474583035,-0.0007332117303913367,1.9834220410768646,0.9782359113883281
1975_jan_prior_nov_quote,30,1980,2009,0.022446944444444443,-0.00017318533105550686,0.022391273368449455,-0.00020933501752496824,1.9431844084145609,0.993738974483277
1975_jan_prior_nov_quote,30,1981,2010,0.02113027777777778,-6.320532537480069e-05,0.021080800500445453,-9.870896216269772e-05,1.869835088928006,0.997042965637703
1975_jan_prior_nov_quote,30,1982,2011,0.019750277777777776,-3.2560863740553154e-05,0.019711444860949293,-6.766289462586406e-05,1.7960516042433807,0.9979721034503755
1975_jan_prior_nov_quote,30,1983,2012,0.018355277777777776,-0.0003499111070178492,0.01832789067664037,-0.00038755053733847717,1.724364847106233,0.9884385831783231
1975_jan_prior_nov_quote,30,1984,2013,0.01740138888888889,-0.0006880871265435573,0.017374359582283436,-0.0007275590235639133,1.6765775375829155,0.9784019371525994
1975_jan_prior_nov_quote,30,1985,2014,0.01649222222222222,-0.0011043273079775187,0.016464729594210352,-0.001143534400402388,1.6321850976862307,0.9662567802368107
1975_jan_prior_nov_quote,30,1986,2015,0.015584722222222222,-0.0015083014615233537,0.01555644689476327,-0.0015461320515786298,1.5889931465280067,0.9546410658609175
1975_jan_prior_nov_quote,30,1987,2016,0.014780277777777778,-0.0025106813470481973,0.014750227818938259,-0.0025352132357185663,1.5515819716690988,0.9266744424013379
1975_jan_prior_nov_quote,30,1988,2017,0.014091944444444445,-0.0036094043370751764,0.014059381514212098,-0.0036285948225090025,1.5202031133923148,0.8966803595913245
1975_jan_prior_nov_quote,30,1989,2018,0.01342888888888889,-0.004428442804457807,0.013393948546181112,-0.004448571337917137,1.4905590905864379,0.8748044789238084
1975_jan_prior_nov_quote,30,1990,2019,0.012621944444444444,-0.0047737389086092595,0.012586352347991098,-0.004795197097809143,1.4553320373387408,0.8657129185165877
1975_jan_prior_nov_quote,30,1991,2020,0.011685833333333333,-0.0049803151124961625,0.01165196401871604,-0.005001214958401267,1.415578213783518,0.8603526749550641
1975_jan_prior_nov_quote,30,1992,2021,0.010741944444444445,-0.0057063036458977,0.010710722886679243,-0.005737267899137916,1.3765950322417688,0.8414626281961163
1975_jan_prior_nov_quote,30,1993,2022,0.009804444444444444,-0.007475435329793071,0.009776693546667051,-0.007563977978185289,1.3389374173780118,0.7962979149658936
1975_jan_prior_nov_quote,30,1994,2023,0.009081666666666667,-0.00889898934699446,0.009057551056160068,-0.009022246513263025,1.3106239530387491,0.7619336476740647
1975_jan_prior_nov_quote,30,1995,2024,0.008577222222222222,-0.009262639231943611,0.008555375575088495,-0.009386509305117637,1.2911968418619164,0.7535761485010372
1975_jan_prior_nov_quote,30,1996,2025,0.008054722222222222,-0.009888502391610935,0.008035071467332169,-0.010010807263581988,1.271362124881442,0.7394581651562123
1975_jan_first_feb_quote,10,1968,1977,0.042619166666666666,-0.002550759643505496,0.04259423209939206,-0.00264240161061644,1.5175855395412825,0.9738879829811227
1975_jan_first_feb_quote,10,1969,1978,0.04167,-0.004724527319125415,0.041634132152183805,-0.004788316767251791,1.5036682293195638,0.9531355267066165
1975_jan_first_feb_quote,10,1970,1979,0.041065,-0.0073114716101105644,0.041025121589332025,-0.007348045026747447,1.494899850729314,0.9289022662083091
1975_jan_first_feb_quote,10,1971,1980,0.040834166666666664,-0.009444968164938571,0.04079576126210002,-0.009457311606751747,1.4916095268623935,0.9093518740927832
1975_jan_first_feb_quote,10,1972,1981,0.041105833333333335,-0.010249395999996313,0.04106564490605377,-0.010261415732820415,1.49548186274209,0.9019968328460605
1975_jan_first_feb_quote,10,1973,1982,0.0418225,-0.009278976111057536,0.041779906631555376,-0.009292489924221624,1.5057739067391314,0.9108661266852833
1975_jan_first_feb_quote,10,1974,1983,0.04007083333333333,-0.007507775882574641,0.040028976594401966,-0.007518894345776294,1.480656763923072,0.9273047328714181
1975_jan_first_feb_quote,10,1975,1984,0.03757083333333333,-0.005527229701258784,0.03753800984757993,-0.005543424633890356,1.445573436183449,0.945928339064667
1975_jan_first_feb_quote,10,1976,1985,0.03602416666666666,-0.0033071067638280717,0.03599098227095733,-0.0033264971464718254,1.4241631731017537,0.9672285882380269
1975_jan_first_feb_quote,10,1977,1986,0.034896666666666666,-5.648401051027152e-05,0.03485827068652494,-0.00011406649094735813,1.408668325419623,0.9988599204148615
1975_jan_first_feb_quote,10,1978,1987,0.033870833333333336,0.002357859659151984,0.03382429465345484,0.0022879133540202163,1.3946567650722446,1.0231161310912698
1975_jan_first_feb_quote,10,1979,1988,0.033328333333333335,0.0032351207301066997,0.0332760891736971,0.003165140329360574,1.3872789479403993,1.0321060445968508
1975_jan_first_feb_quote,10,1980,1989,0.03261583333333333,0.003747957171117533,0.032560099282319906,0.003682744146695688,1.3776959700897276,1.037443791178991
1975_jan_first_feb_quote,10,1981,1990,0.030780833333333334,0.0046021959543350085,0.030734992790415087,0.004543402661544185,1.3535372215837778,1.0463742839044003
1975_jan_first_feb_quote,10,1982,1991,0.028689166666666665,0.005146023945576406,0.028661400634310753,0.005095795899861234,1.3265524842829415,1.0521425013698524
1975_jan_first_feb_quote,10,1983,1992,0.02665,0.004366976621268792,0.026643121839809047,0.00430733767287793,1.3007535466643985,1.043917931258035
1975_jan_first_feb_quote,10,1984,1993,0.025929166666666666,0.003414166652231121,0.025924191355286747,0.003345462333222658,1.2916733709131476,1.0339627882006919
1975_jan_first_feb_quote,10,1985,1994,0.025014166666666667,0.0022777913401877846,0.025009237350211374,0.002206233946235781,1.2801999107210738,1.0222826691739104
1975_jan_first_feb_quote,10,1986,1995,0.024174166666666667,0.0016838149131936154,0.02416924834336991,0.0016141830081313228,1.2697473522593679,1.0162595876223235
1975_jan_first_feb_quote,10,1987,1996,0.023663333333333335,-0.0003640826446744794,0.023657697373417764,-0.00040226089676373596,1.2634194675813493,0.9959846648492013
1975_jan_first_feb_quote,10,1988,1997,0.023265833333333333,-0.0024517363918170054,0.02325849210076319,-0.0024706060732084256,1.2585010312435327,0.9755668126772319
1975_jan_first_feb_quote,10,1989,1998,0.022818333333333333,-0.002471028592107738,0.02280871056050874,-0.0024897154813456027,1.2529801174801334,0.9753799420195735
1975_jan_first_feb_quote,10,1990,1999,0.021691666666666668,-0.0014609154510148326,0.02167810428089074,-0.001483410742308009,1.2391984472840436,0.9852645247155853
1975_jan_first_feb_quote,10,1991,2000,0.020129166666666667,-0.0016939787769201242,0.020114628822097153,-0.0017161629493037563,1.2203650335266973,0.9829703004755846
1975_jan_first_feb_quote,10,1992,2001,0.018495833333333333,-0.0016987470222749267,0.01848251750672044,-0.0017209616927498222,1.2009800309680432,0.9829230501838617
1975_jan_first_feb_quote,10,1993,2002,0.01670666666666667,-0.0009930778689462016,0.016696096415076914,-0.0010108192958057066,1.1800803014726966,0.9899376623278696
1975_jan_first_feb_quote,10,1994,2003,0.015303333333333334,0.00017306073053982018,0.015296030808549096,0.00016017645826769817,1.1639300574404488,1.0016029196183633
1975_jan_first_feb_quote,10,1995,2004,0.0143475,0.00020303531942263974,0.014341462310920292,0.0001903147326450661,1.1530331168794987,1.001904778040289
1975_jan_first_feb_quote,10,1996,2005,0.013500833333333333,-0.0003593556933058184,0.013496670426883638,-0.0003723699543555642,1.143466018358894,0.9962825339368001
1975_jan_first_feb_quote,10,1997,2006,0.012868333333333334,-0.0011882476112054397,0.012866396035688475,-0.0011990742206605912,1.1363748865932053,0.9880737514008371
1975_jan_first_feb_quote,10,1998,2007,0.012901666666666667,-0.0014887835429303943,0.012899585727013383,-0.0015004160776145728,1.136747309785482,0.9850967411273975
1975_jan_first_feb_quote,10,1999,2008,0.013286666666666667,-0.0028551654107842883,0.013282905444846272,-0.0028636557183943897,1.1410565272259396,0.9717296624558355
1975_jan_first_feb_quote,10,2000,2009,0.013033333333333334,-0.002806597713269221,0.013029230360269347,-0.00281556699142734,1.1382031115434217,0.9721983986042164
1975_jan_first_feb_quote,10,2001,2010,0.012480833333333333,-0.0030978331535392867,0.012475061167750904,-0.003106780760309315,1.131991971563889,0.9693629573594411
1975_jan_first_feb_quote,10,2002,2011,0.012065833333333333,-0.0035449595145231384,0.012059063858348764,-0.0035570661726575374,1.1273495273422072,0.9649933433512001
1975_jan_first_feb_quote,10,2003,2012,0.011709166666666666,-0.004423632073376138,0.011701183662748228,-0.004439749136788192,1.1233693775607831,0.9564790999241036
1975_jan_first_feb_quote,10,2004,2013,0.010971666666666668,-0.005651488762401613,0.010961007618878076,-0.0056673932147651845,1.1151776411386043,0.944749809640651
1975_jan_first_feb_quote,10,2005,2014,0.010115,-0.0057938085835429805,0.010101424248057178,-0.005809724514513404,1.1057318888740637,0.943398341485931
1975_jan_first_feb_quote,10,2006,2015,0.009079166666666668,-0.005849363604457858,0.00906268087424896,-0.005865160351066674,1.094413509703077,0.9428724365669162
1975_jan_first_feb_quote,10,2007,2016,0.007809166666666667,-0.005979713785264673,0.007791180254401704,-0.0059951186088144795,1.0807009489560078,0.9416405915777728
1975_jan_first_feb_quote,10,2008,2017,0.006108333333333334,-0.00688769307647813,0.006093656343416365,-0.006906416861929564,1.06263497709201,0.9330432107858376
1975_jan_first_feb_quote,10,2009,2018,0.004181666666666667,-0.007959134410481395,0.0041758806747087315,-0.007982869525862302,1.0425523182696228,0.922978782547723
1975_jan_first_feb_quote,10,2010,2019,0.003140833333333333,-0.010053703561543725,0.003136761462624716,-0.010065146519002867,1.0318141059087318,0.9037871265193017
1975_jan_first_feb_quote,10,2011,2020,0.0024475,-0.010149133407029077,0.002443898461152494,-0.010160068814699937,1.0247095124937204,0.9029208822365492
1975_jan_first_feb_quote,10,2012,2021,0.0016641666666666667,-0.011875204400895034,0.001661963504913185,-0.011904094799351499,1.0167444830412669,0.8871376177535969
1975_jan_first_feb_quote,10,2013,2022,0.0009975,-0.017009596047056874,0.0009966260019476866,-0.01716814385716799,1.0100110758688083,0.8409927396635367
1975_jan_first_feb_quote,10,2014,2023,0.00097,-0.02121854000912159,0.0009692046580353473,-0.02143320337663511,1.0097344271125628,0.8052018386898662
1975_jan_first_feb_quote,10,2015,2024,0.0012691666666666667,-0.022197144431710492,0.0012674175770379574,-0.022401427368333976,1.012746706251773,0.7972703035797931
1975_jan_first_feb_quote,10,2016,2025,0.0015841666666666667,-0.02345678787706913,0.0015818734405429156,-0.023644863868635492,1.0159318152871597,0.7871874329100949
1975_jan_first_feb_quote,30,1968,1997,0.033251944444444445,-0.0008815454587235058,0.033195413889321575,-0.0009443078294700353,2.6636311997435707,0.9720552650703125
1975_jan_first_feb_quote,30,1969,1998,0.032605555555555554,-0.0013201450603754846,0.03254423594571394,-0.0013765502320282846,2.6137256457838016,0.9595172779721721
1975_jan_first_feb_quote,30,1970,1999,0.03179083333333333,-0.0016748099633359548,0.03172402772952993,-0.0017264105458340711,2.552150888200799,0.9494835485661258
1975_jan_first_feb_quote,30,1971,2000,0.030581388888888887,-0.0021789169958412293,0.030513859205275325,-0.0022264646190761606,2.4638547819852556,0.9353182752345264
1975_jan_first_feb_quote,30,1972,2001,0.029430277777777777,-0.0022673730255649447,0.02936179623626941,-0.0023153204993784453,2.38254643617683,0.932822679848634
1975_jan_first_feb_quote,30,1973,2002,0.028393055555555553,-0.001968359119578315,0.028321410397630236,-0.0020143608892828446,2.3113533663421273,0.9413015128060506
1975_jan_first_feb_quote,30,1974,2003,0.02710111111111111,-0.0013068494999345667,0.027033160457216616,-0.0013481775147275207,2.226045232335403,0.9603354641767692
1975_jan_first_feb_quote,30,1975,2004,0.025644166666666666,-0.0010154676805494533,0.025585781118135413,-0.0010543591126827019,2.1338295873444135,0.9688480793804849
1975_jan_first_feb_quote,30,1976,2005,0.024566388888888888,-0.0006608825146467583,0.024511122566599947,-0.0006969569875472617,2.0677609528141074,0.9793012231524383
1975_jan_first_feb_quote,30,1977,2006,0.023809444444444446,-0.0005362714221300635,0.023754753705892428,-0.0005719059020223438,2.0224506880407658,0.982984344628305
1975_jan_first_feb_quote,30,1978,2007,0.023346111111111113,-0.0005275534251984719,0.023291802284106204,-0.0005631433152589781,1.9951927068864999,0.9832429299366908
1975_jan_first_feb_quote,30,1979,2008,0.023144444444444443,-0.0006970244242617755,0.023089995474583035,-0.0007332117303913367,1.9834220410768646,0.9782359113883281
1975_jan_first_feb_quote,30,1980,2009,0.022446944444444443,-0.00017318533105550686,0.022391273368449455,-0.00020933501752496824,1.9431844084145609,0.993738974483277
1975_jan_first_feb_quote,30,1981,2010,0.02113027777777778,-6.320532537480069e-05,0.021080800500445453,-9.870896216269772e-05,1.869835088928006,0.997042965637703
1975_jan_first_feb_quote,30,1982,2011,0.019750277777777776,-3.2560863740553154e-05,0.019711444860949293,-6.766289462586406e-05,1.7960516042433807,0.9979721034503755
1975_jan_first_feb_quote,30,1983,2012,0.018355277777777776,-0.0003499111070178492,0.01832789067664037,-0.00038755053733847717,1.724364847106233,0.9884385831783231
1975_jan_first_feb_quote,30,1984,2013,0.01740138888888889,-0.0006880871265435573,0.017374359582283436,-0.0007275590235639133,1.6765775375829155,0.9784019371525994
1975_jan_first_feb_quote,30,1985,2014,0.01649222222222222,-0.0011043273079775187,0.016464729594210352,-0.001143534400402388,1.6321850976862307,0.9662567802368107
1975_jan_first_feb_quote,30,1986,2015,0.015584722222222222,-0.0015083014615233537,0.01555644689476327,-0.0015461320515786298,1.5889931465280067,0.9546410658609175
1975_jan_first_feb_quote,30,1987,2016,0.014780277777777778,-0.0025106813470481973,0.014750227818938259,-0.0025352132357185663,1.5515819716690988,0.9266744424013379
1975_jan_first_feb_quote,30,1988,2017,0.014091944444444445,-0.0036094043370751764,0.014059381514212098,-0.0036285948225090025,1.5202031133923148,0.8966803595913245
1975_jan_first_feb_quote,30,1989,2018,0.01342888888888889,-0.004428442804457807,0.013393948546181112,-0.004448571337917137,1.4905590905864379,0.8748044789238084
1975_jan_first_feb_quote,30,1990,2019,0.012621944444444444,-0.0047737389086092595,0.012586352347991098,-0.004795197097809143,1.4553320373387408,0.8657129185165877
1975_jan_first_feb_quote,30,1991,2020,0.011685833333333333,-0.0049803151124961625,0.01165196401871604,-0.005001214958401267,1.415578213783518,0.8603526749550641
1975_jan_first_feb_quote,30,1992,2021,0.010741944444444445,-0.0057063036458977,0.010710722886679243,-0.005737267899137916,1.3765950322417688,0.8414626281961163
1975_jan_first_feb_quote,30,1993,2022,0.009804444444444444,-0.007475435329793071,0.009776693546667051,-0.007563977978185289,1.3389374173780118,0.7962979149658936
1975_jan_first_feb_quote,30,1994,2023,0.009081666666666667,-0.00889898934699446,0.009057551056160068,-0.009022246513263025,1.3106239530387491,0.7619336476740647
1975_jan_first_feb_quote,30,1995,2024,0.008577222222222222,-0.009262639231943611,0.008555375575088495,-0.009386509305117637,1.2911968418619164,0.7535761485010372
1975_jan_first_feb_quote,30,1996,2025,0.008054722222222222,-0.009888502391610935,0.008035071467332169,-0.010010807263581988,1.271362124881442,0.7394581651562123
1975_jan_midpoint_prior_and_first,10,1968,1977,0.0426325,-0.002538171130523592,0.04260754320784546,-0.002629668051624602,1.5177793053008817,0.9740123292798123
1975_jan_midpoint_prior_and_first,10,1969,1978,0.04168333333333333,-0.004711938806143512,0.041647431002757654,-0.004775610605792476,1.5038602181129777,0.9532572233257008
1975_jan_midpoint_prior_and_first,10,1970,1979,0.041078333333333335,-0.007298883097128661,0.04103841266448817,-0.007335371546094743,1.4950907199736199,0.9290208687177003
1975_jan_midpoint_prior_and_first,10,1971,1980,0.040847499999999995,-0.009432379651956669,0.040809049408945135,-0.009444665055728366,1.4917999759971983,0.9094679804024676
1975_jan_midpoint_prior_and_first,10,1972,1981,0.041119166666666665,-0.01023680748701441,0.04107893649858307,-0.010248779448031873,1.4956728062978575,0.9021120000619564
1975_jan_midpoint_prior_and_first,10,1973,1982,0.04183583333333333,-0.009266387598075632,0.041793207343275046,-0.009279841268871146,1.5059661643860456,0.9109824263351758
1975_jan_midpoint_prior_and_first,10,1974,1983,0.040084166666666664,-0.007495187369592737,0.04004225495148078,-0.007506223046407299,1.4808458146059444,0.9274231314072918
1975_jan_midpoint_prior_and_first,10,1975,1984,0.03758416666666667,-0.005514641188276881,0.03755125640175067,-0.005530728113116167,1.4457580074169119,0.9460491154679534
1975_jan_midpoint_prior_and_first,10,1976,1985,0.03602416666666666,-0.0033071067638280717,0.03599098227095733,-0.0033264971464718254,1.4241631731017537,0.9672285882380269
1975_jan_midpoint_prior_and_first,10,1977,1986,0.034896666666666666,-5.648401051027152e-05,0.03485827068652494,-0.00011406649094735813,1.408668325419623,0.9988599204148615
1975_jan_midpoint_prior_and_first,10,1978,1987,0.033870833333333336,0.002357859659151984,0.03382429465345484,0.0022879133540202163,1.3946567650722446,1.0231161310912698
1975_jan_midpoint_prior_and_first,10,1979,1988,0.033328333333333335,0.0032351207301066997,0.0332760891736971,0.003165140329360574,1.3872789479403993,1.0321060445968508
1975_jan_midpoint_prior_and_first,10,1980,1989,0.03261583333333333,0.003747957171117533,0.032560099282319906,0.003682744146695688,1.3776959700897276,1.037443791178991
1975_jan_midpoint_prior_and_first,10,1981,1990,0.030780833333333334,0.0046021959543350085,0.030734992790415087,0.004543402661544185,1.3535372215837778,1.0463742839044003
1975_jan_midpoint_prior_and_first,10,1982,1991,0.028689166666666665,0.005146023945576406,0.028661400634310753,0.005095795899861234,1.3265524842829415,1.0521425013698524
1975_jan_midpoint_prior_and_first,10,1983,1992,0.02665,0.004366976621268792,0.026643121839809047,0.00430733767287793,1.3007535466643985,1.043917931258035
1975_jan_midpoint_prior_and_first,10,1984,1993,0.025929166666666666,0.003414166652231121,0.025924191355286747,0.003345462333222658,1.2916733709131476,1.0339627882006919
1975_jan_midpoint_prior_and_first,10,1985,1994,0.025014166666666667,0.0022777913401877846,0.025009237350211374,0.002206233946235781,1.2801999107210738,1.0222826691739104
1975_jan_midpoint_prior_and_first,10,1986,1995,0.024174166666666667,0.0016838149131936154,0.02416924834336991,0.0016141830081313228,1.2697473522593679,1.0162595876223235
1975_jan_midpoint_prior_and_first,10,1987,1996,0.023663333333333335,-0.0003640826446744794,0.023657697373417764,-0.00040226089676373596,1.2634194675813493,0.9959846648492013
1975_jan_midpoint_prior_and_first,10,1988,1997,0.023265833333333333,-0.0024517363918170054,0.02325849210076319,-0.0024706060732084256,1.2585010312435327,0.9755668126772319
1975_jan_midpoint_prior_and_first,10,1989,1998,0.022818333333333333,-0.002471028592107738,0.02280871056050874,-0.0024897154813456027,1.2529801174801334,0.9753799420195735
1975_jan_midpoint_prior_and_first,10,1990,1999,0.021691666666666668,-0.0014609154510148326,0.02167810428089074,-0.001483410742308009,1.2391984472840436,0.9852645247155853
1975_jan_midpoint_prior_and_first,10,1991,2000,0.020129166666666667,-0.0016939787769201242,0.020114628822097153,-0.0017161629493037563,1.2203650335266973,0.9829703004755846
1975_jan_midpoint_prior_and_first,10,1992,2001,0.018495833333333333,-0.0016987470222749267,0.01848251750672044,-0.0017209616927498222,1.2009800309680432,0.9829230501838617
1975_jan_midpoint_prior_and_first,10,1993,2002,0.01670666666666667,-0.0009930778689462016,0.016696096415076914,-0.0010108192958057066,1.1800803014726966,0.9899376623278696
1975_jan_midpoint_prior_and_first,10,1994,2003,0.015303333333333334,0.00017306073053982018,0.015296030808549096,0.00016017645826769817,1.1639300574404488,1.0016029196183633
1975_jan_midpoint_prior_and_first,10,1995,2004,0.0143475,0.00020303531942263974,0.014341462310920292,0.0001903147326450661,1.1530331168794987,1.001904778040289
1975_jan_midpoint_prior_and_first,10,1996,2005,0.013500833333333333,-0.0003593556933058184,0.013496670426883638,-0.0003723699543555642,1.143466018358894,0.9962825339368001
1975_jan_midpoint_prior_and_first,10,1997,2006,0.012868333333333334,-0.0011882476112054397,0.012866396035688475,-0.0011990742206605912,1.1363748865932053,0.9880737514008371
1975_jan_midpoint_prior_and_first,10,1998,2007,0.012901666666666667,-0.0014887835429303943,0.012899585727013383,-0.0015004160776145728,1.136747309785482,0.9850967411273975
1975_jan_midpoint_prior_and_first,10,1999,2008,0.013286666666666667,-0.0028551654107842883,0.013282905444846272,-0.0028636557183943897,1.1410565272259396,0.9717296624558355
1975_jan_midpoint_prior_and_first,10,2000,2009,0.013033333333333334,-0.002806597713269221,0.013029230360269347,-0.00281556699142734,1.1382031115434217,0.9721983986042164
1975_jan_midpoint_prior_and_first,10,2001,2010,0.012480833333333333,-0.0030978331535392867,0.012475061167750904,-0.003106780760309315,1.131991971563889,0.9693629573594411
1975_jan_midpoint_prior_and_first,10,2002,2011,0.012065833333333333,-0.0035449595145231384,0.012059063858348764,-0.0035570661726575374,1.1273495273422072,0.9649933433512001
1975_jan_midpoint_prior_and_first,10,2003,2012,0.011709166666666666,-0.004423632073376138,0.011701183662748228,-0.004439749136788192,1.1233693775607831,0.9564790999241036
1975_jan_midpoint_prior_and_first,10,2004,2013,0.010971666666666668,-0.005651488762401613,0.010961007618878076,-0.0056673932147651845,1.1151776411386043,0.944749809640651
1975_jan_midpoint_prior_and_first,10,2005,2014,0.010115,-0.0057938085835429805,0.010101424248057178,-0.005809724514513404,1.1057318888740637,0.943398341485931
1975_jan_midpoint_prior_and_first,10,2006,2015,0.009079166666666668,-0.005849363604457858,0.00906268087424896,-0.005865160351066674,1.094413509703077,0.9428724365669162
1975_jan_midpoint_prior_and_first,10,2007,2016,0.007809166666666667,-0.005979713785264673,0.007791180254401704,-0.0059951186088144795,1.0807009489560078,0.9416405915777728
1975_jan_midpoint_prior_and_first,10,2008,2017,0.006108333333333334,-0.00688769307647813,0.006093656343416365,-0.006906416861929564,1.06263497709201,0.9330432107858376
1975_jan_midpoint_prior_and_first,10,2009,2018,0.004181666666666667,-0.007959134410481395,0.0041758806747087315,-0.007982869525862302,1.0425523182696228,0.922978782547723
1975_jan_midpoint_prior_and_first,10,2010,2019,0.003140833333333333,-0.010053703561543725,0.003136761462624716,-0.010065146519002867,1.0318141059087318,0.9037871265193017
1975_jan_midpoint_prior_and_first,10,2011,2020,0.0024475,-0.010149133407029077,0.002443898461152494,-0.010160068814699937,1.0247095124937204,0.9029208822365492
1975_jan_midpoint_prior_and_first,10,2012,2021,0.0016641666666666667,-0.011875204400895034,0.001661963504913185,-0.011904094799351499,1.0167444830412669,0.8871376177535969
1975_jan_midpoint_prior_and_first,10,2013,2022,0.0009975,-0.017009596047056874,0.0009966260019476866,-0.01716814385716799,1.0100110758688083,0.8409927396635367
1975_jan_midpoint_prior_and_first,10,2014,2023,0.00097,-0.02121854000912159,0.0009692046580353473,-0.02143320337663511,1.0097344271125628,0.8052018386898662
1975_jan_midpoint_prior_and_first,10,2015,2024,0.0012691666666666667,-0.022197144431710492,0.0012674175770379574,-0.022401427368333976,1.012746706251773,0.7972703035797931
1975_jan_midpoint_prior_and_first,10,2016,2025,0.0015841666666666667,-0.02345678787706913,0.0015818734405429156,-0.023644863868635492,1.0159318152871597,0.7871874329100949
1975_jan_midpoint_prior_and_first,30,1968,1997,0.03325638888888889,-0.0008773492877295378,0.03319981090759752,-0.0009400561012121367,2.663971292943766,0.9721793773670498
1975_jan_midpoint_prior_and_first,30,1969,1998,0.03261,-0.0013159488893815167,0.03254863019274132,-0.0013723003432846912,2.6140593670284673,0.9596397894150995
1975_jan_midpoint_prior_and_first,30,1970,1999,0.031795277777777776,-0.001670613792341987,0.03172841848595865,-0.0017221621460074559,2.5524767475626464,0.9496047788995876
1975_jan_midpoint_prior_and_first,30,1971,2000,0.030585833333333333,-0.002174720824847261,0.03051824481153299,-0.0022222183473531642,2.4641693676747822,0.9354376969418011
1975_jan_midpoint_prior_and_first,30,1972,2001,0.029434722222222223,-0.002263176854570977,0.02936617693963856,-0.002311074605803594,2.382850640393303,0.9329417829175707
1975_jan_midpoint_prior_and_first,30,1973,2002,0.0283975,-0.001964162948584347,0.028325786673380485,-0.002010113714900038,2.311648480606899,0.9414216984548253
1975_jan_midpoint_prior_and_first,30,1974,2003,0.027105555555555556,-0.0013026533289405987,0.02703753125050105,-0.0013439275052368207,2.22632945443301,0.9604580800859475
1975_jan_midpoint_prior_and_first,30,1975,2004,0.02564861111111111,-0.0010112715095554855,0.02559014575173958,-0.0010501078527752209,2.1341020353218587,0.9689717821828285
1975_jan_midpoint_prior_and_first,30,1976,2005,0.024566388888888888,-0.0006608825146467583,0.024511122566599947,-0.0006969569875472617,2.0677609528141074,0.9793012231524383
1975_jan_midpoint_prior_and_first,30,1977,2006,0.023809444444444446,-0.0005362714221300635,0.023754753705892428,-0.0005719059020223438,2.0224506880407658,0.982984344628305
1975_jan_midpoint_prior_and_first,30,1978,2007,0.023346111111111113,-0.0005275534251984719,0.023291802284106204,-0.0005631433152589781,1.9951927068864999,0.9832429299366908
1975_jan_midpoint_prior_and_first,30,1979,2008,0.023144444444444443,-0.0006970244242617755,0.023089995474583035,-0.0007332117303913367,1.9834220410768646,0.9782359113883281
1975_jan_midpoint_prior_and_first,30,1980,2009,0.022446944444444443,-0.00017318533105550686,0.022391273368449455,-0.00020933501752496824,1.9431844084145609,0.993738974483277
1975_jan_midpoint_prior_and_first,30,1981,2010,0.02113027777777778,-6.320532537480069e-05,0.021080800500445453,-9.870896216269772e-05,1.869835088928006,0.997042965637703
1975_jan_midpoint_prior_and_first,30,1982,2011,0.019750277777777776,-3.2560863740553154e-05,0.019711444860949293,-6.766289462586406e-05,1.7960516042433807,0.9979721034503755
1975_jan_midpoint_prior_and_first,30,1983,2012,0.018355277777777776,-0.0003499111070178492,0.01832789067664037,-0.00038755053733847717,1.724364847106233,0.9884385831783231
1975_jan_midpoint_prior_and_first,30,1984,2013,0.01740138888888889,-0.0006880871265435573,0.017374359582283436,-0.0007275590235639133,1.6765775375829155,0.9784019371525994
1975_jan_midpoint_prior_and_first,30,1985,2014,0.01649222222222222,-0.0011043273079775187,0.016464729594210352,-0.001143534400402388,1.6321850976862307,0.9662567802368107
1975_jan_midpoint_prior_and_first,30,1986,2015,0.015584722222222222,-0.0015083014615233537,0.01555644689476327,-0.0015461320515786298,1.5889931465280067,0.9546410658609175
1975_jan_midpoint_prior_and_first,30,1987,2016,0.014780277777777778,-0.0025106813470481973,0.014750227818938259,-0.0025352132357185663,1.5515819716690988,0.9266744424013379
1975_jan_midpoint_prior_and_first,30,1988,2017,0.014091944444444445,-0.0036094043370751764,0.014059381514212098,-0.0036285948225090025,1.5202031133923148,0.8966803595913245
1975_jan_midpoint_prior_and_first,30,1989,2018,0.01342888888888889,-0.004428442804457807,0.013393948546181112,-0.004448571337917137,1.4905590905864379,0.8748044789238084
1975_jan_midpoint_prior_and_first,30,1990,2019,0.012621944444444444,-0.0047737389086092595,0.012586352347991098,-0.004795197097809143,1.4553320373387408,0.8657129185165877
1975_jan_midpoint_prior_and_first,30,1991,2020,0.011685833333333333,-0.0049803151124961625,0.01165196401871604,-0.005001214958401267,1.415578213783518,0.8603526749550641
1975_jan_midpoint_prior_and_first,30,1992,2021,0.010741944444444445,-0.0057063036458977,0.010710722886679243,-0.005737267899137916,1.3765950322417688,0.8414626281961163
1975_jan_midpoint_prior_and_first,30,1993,2022,0.009804444444444444,-0.007475435329793071,0.009776693546667051,-0.007563977978185289,1.3389374173780118,0.7962979149658936
1975_jan_midpoint_prior_and_first,30,1994,2023,0.009081666666666667,-0.00889898934699446,0.009057551056160068,-0.009022246513263025,1.3106239530387491,0.7619336476740647
1975_jan_midpoint_prior_and_first,30,1995,2024,0.008577222222222222,-0.009262639231943611,0.008555375575088495,-0.009386509305117637,1.2911968418619164,0.7535761485010372
1975_jan_midpoint_prior_and_first,30,1996,2025,0.008054722222222222,-0.009888502391610935,0.008035071467332169,-0.010010807263581988,1.271362124881442,0.7394581651562123
1975_carry_forward_midmonth,10,1968,1977,0.042699502283105026,-0.0024749116972222485,0.04267441066255109,-0.0025657018776497928,1.5187530114219363,0.9746371907229021
1975_carry_forward_midmonth,10,1969,1978,0.04175033561643836,-0.004648679372842168,0.04171423688083283,-0.004711782061472733,1.5048249946746775,0.9538687696750613
1975_carry_forward_midmonth,10,1970,1979,0.04114533561643836,-0.007235623663827318,0.04110517948327742,-0.007271707171600788,1.4960498706093448,0.9296168666360395
1975_carry_forward_midmonth,10,1971,1980,0.040914502283105024,-0.009369120218655325,0.04087580151756161,-0.009381135960409336,1.4927570155107452,0.9100514344898492
1975_carry_forward_midmonth,10,1972,1981,0.04118616894977169,-0.010173548053713066,0.04114570591636142,-0.010185301924450506,1.4966323303614029,0.9026907350422455
1975_carry_forward_midmonth,10,1973,1982,0.04190283561643836,-0.009203128164774288,0.04186002257069066,-0.009216301602607016,1.5069322919826218,0.9115668519902086
1975_carry_forward_midmonth,10,1974,1983,0.040151168949771686,-0.007431927936291394,0.04010895788186716,-0.0074425696294448075,1.48179582665907,0.928018104323779
1975_carry_forward_midmonth,10,1975,1984,0.03765116894977169,-0.005451381754975537,0.03761779957237531,-0.005466947998127334,1.4466855094697257,0.9466560375753585
1975_carry_forward_midmonth,10,1976,1985,0.03602416666666666,-0.0033071067638280717,0.03599098227095733,-0.0033264971464718254,1.4241631731017537,0.9672285882380269
1975_carry_forward_midmonth,10,1977,1986,0.034896666666666666,-5.648401051027152e-05,0.03485827068652494,-0.00011406649094735813,1.408668325419623,0.9988599204148615
1975_carry_forward_midmonth,10,1978,1987,0.033870833333333336,0.002357859659151984,0.03382429465345484,0.0022879133540202163,1.3946567650722446,1.0231161310912698
1975_carry_forward_midmonth,10,1979,1988,0.033328333333333335,0.0032351207301066997,0.0332760891736971,0.003165140329360574,1.3872789479403993,1.0321060445968508
1975_carry_forward_midmonth,10,1980,1989,0.03261583333333333,0.003747957171117533,0.032560099282319906,0.003682744146695688,1.3776959700897276,1.037443791178991
1975_carry_forward_midmonth,10,1981,1990,0.030780833333333334,0.0046021959543350085,0.030734992790415087,0.004543402661544185,1.3535372215837778,1.0463742839044003
1975_carry_forward_midmonth,10,1982,1991,0.028689166666666665,0.005146023945576406,0.028661400634310753,0.005095795899861234,1.3265524842829415,1.0521425013698524
1975_carry_forward_midmonth,10,1983,1992,0.02665,0.004366976621268792,0.026643121839809047,0.00430733767287793,1.3007535466643985,1.043917931258035
1975_carry_forward_midmonth,10,1984,1993,0.025929166666666666,0.003414166652231121,0.025924191355286747,0.003345462333222658,1.2916733709131476,1.0339627882006919
1975_carry_forward_midmonth,10,1985,1994,0.025014166666666667,0.0022777913401877846,0.025009237350211374,0.002206233946235781,1.2801999107210738,1.0222826691739104
1975_carry_forward_midmonth,10,1986,1995,0.024174166666666667,0.0016838149131936154,0.02416924834336991,0.0016141830081313228,1.2697473522593679,1.0162595876223235
1975_carry_forward_midmonth,10,1987,1996,0.023663333333333335,-0.0003640826446744794,0.023657697373417764,-0.00040226089676373596,1.2634194675813493,0.9959846648492013
1975_carry_forward_midmonth,10,1988,1997,0.023265833333333333,-0.0024517363918170054,0.02325849210076319,-0.0024706060732084256,1.2585010312435327,0.9755668126772319
1975_carry_forward_midmonth,10,1989,1998,0.022818333333333333,-0.002471028592107738,0.02280871056050874,-0.0024897154813456027,1.2529801174801334,0.9753799420195735
1975_carry_forward_midmonth,10,1990,1999,0.021691666666666668,-0.0014609154510148326,0.02167810428089074,-0.001483410742308009,1.2391984472840436,0.9852645247155853
1975_carry_forward_midmonth,10,1991,2000,0.020129166666666667,-0.0016939787769201242,0.020114628822097153,-0.0017161629493037563,1.2203650335266973,0.9829703004755846
1975_carry_forward_midmonth,10,1992,2001,0.018495833333333333,-0.0016987470222749267,0.01848251750672044,-0.0017209616927498222,1.2009800309680432,0.9829230501838617
1975_carry_forward_midmonth,10,1993,2002,0.01670666666666667,-0.0009930778689462016,0.016696096415076914,-0.0010108192958057066,1.1800803014726966,0.9899376623278696
1975_carry_forward_midmonth,10,1994,2003,0.015303333333333334,0.00017306073053982018,0.015296030808549096,0.00016017645826769817,1.1639300574404488,1.0016029196183633
1975_carry_forward_midmonth,10,1995,2004,0.0143475,0.00020303531942263974,0.014341462310920292,0.0001903147326450661,1.1530331168794987,1.001904778040289
1975_carry_forward_midmonth,10,1996,2005,0.013500833333333333,-0.0003593556933058184,0.013496670426883638,-0.0003723699543555642,1.143466018358894,0.9962825339368001
1975_carry_forward_midmonth,10,1997,2006,0.012868333333333334,-0.0011882476112054397,0.012866396035688475,-0.0011990742206605912,1.1363748865932053,0.9880737514008371
1975_carry_forward_midmonth,10,1998,2007,0.012901666666666667,-0.0014887835429303943,0.012899585727013383,-0.0015004160776145728,1.136747309785482,0.9850967411273975
1975_carry_forward_midmonth,10,1999,2008,0.013286666666666667,-0.0028551654107842883,0.013282905444846272,-0.0028636557183943897,1.1410565272259396,0.9717296624558355
1975_carry_forward_midmonth,10,2000,2009,0.013033333333333334,-0.002806597713269221,0.013029230360269347,-0.00281556699142734,1.1382031115434217,0.9721983986042164
1975_carry_forward_midmonth,10,2001,2010,0.012480833333333333,-0.0030978331535392867,0.012475061167750904,-0.003106780760309315,1.131991971563889,0.9693629573594411
1975_carry_forward_midmonth,10,2002,2011,0.012065833333333333,-0.0035449595145231384,0.012059063858348764,-0.0035570661726575374,1.1273495273422072,0.9649933433512001
1975_carry_forward_midmonth,10,2003,2012,0.011709166666666666,-0.004423632073376138,0.011701183662748228,-0.004439749136788192,1.1233693775607831,0.9564790999241036
1975_carry_forward_midmonth,10,2004,2013,0.010971666666666668,-0.005651488762401613,0.010961007618878076,-0.0056673932147651845,1.1151776411386043,0.944749809640651
1975_carry_forward_midmonth,10,2005,2014,0.010115,-0.0057938085835429805,0.010101424248057178,-0.005809724514513404,1.1057318888740637,0.943398341485931
1975_carry_forward_midmonth,10,2006,2015,0.009079166666666668,-0.005849363604457858,0.00906268087424896,-0.005865160351066674,1.094413509703077,0.9428724365669162
1975_carry_forward_midmonth,10,2007,2016,0.007809166666666667,-0.005979713785264673,0.007791180254401704,-0.0059951186088144795,1.0807009489560078,0.9416405915777728
1975_carry_forward_midmonth,10,2008,2017,0.006108333333333334,-0.00688769307647813,0.006093656343416365,-0.006906416861929564,1.06263497709201,0.9330432107858376
1975_carry_forward_midmonth,10,2009,2018,0.004181666666666667,-0.007959134410481395,0.0041758806747087315,-0.007982869525862302,1.0425523182696228,0.922978782547723
1975_carry_forward_midmonth,10,2010,2019,0.003140833333333333,-0.010053703561543725,0.003136761462624716,-0.010065146519002867,1.0318141059087318,0.9037871265193017
1975_carry_forward_midmonth,10,2011,2020,0.0024475,-0.010149133407029077,0.002443898461152494,-0.010160068814699937,1.0247095124937204,0.9029208822365492
1975_carry_forward_midmonth,10,2012,2021,0.0016641666666666667,-0.011875204400895034,0.001661963504913185,-0.011904094799351499,1.0167444830412669,0.8871376177535969
1975_carry_forward_midmonth,10,2013,2022,0.0009975,-0.017009596047056874,0.0009966260019476866,-0.01716814385716799,1.0100110758688083,0.8409927396635367
1975_carry_forward_midmonth,10,2014,2023,0.00097,-0.02121854000912159,0.0009692046580353473,-0.02143320337663511,1.0097344271125628,0.8052018386898662
1975_carry_forward_midmonth,10,2015,2024,0.0012691666666666667,-0.022197144431710492,0.0012674175770379574,-0.022401427368333976,1.012746706251773,0.7972703035797931
1975_carry_forward_midmonth,10,2016,2025,0.0015841666666666667,-0.02345678787706913,0.0015818734405429156,-0.023644863868635492,1.0159318152871597,0.7871874329100949
1975_carry_forward_midmonth,30,1968,1997,0.03327872298325723,-0.0008562628099624233,0.03322189846588349,-0.0009186983788151016,2.6656803195098764,0.9728030629102641
1975_carry_forward_midmonth,30,1969,1998,0.03263233409436834,-0.0012948624116144022,0.03257070383020399,-0.001350951861326717,2.6157363734269494,0.960255430393796
1975_carry_forward_midmonth,30,1970,1999,0.031817611872146115,-0.0016495273145748723,0.03175047458908412,-0.0017008211433316865,2.554114246653766,0.95021398208385
1975_carry_forward_midmonth,30,1971,2000,0.030608167427701675,-0.0021536343470801465,0.030540275043785,-0.00220088803478823,2.4657502146320707,0.9360378114697805
1975_carry_forward_midmonth,30,1972,2001,0.02945705631659056,-0.0022420903768038624,0.02938818254319242,-0.0022897461927916473,2.3843793186708417,0.9335402962333349
1975_carry_forward_midmonth,30,1973,2002,0.02841983409436834,-0.0019430764708172324,0.028347770035659806,-0.001988778868000716,2.3131314803206466,0.9420256519196522
1975_carry_forward_midmonth,30,1974,2003,0.027127889649923895,-0.0012815668511734842,0.027059487072689445,-0.0013225784167294574,2.2277577191416515,0.9610742460254414
1975_carry_forward_midmonth,30,1975,2004,0.025670945205479453,-0.000990185031788371,0.025612070631983126,-0.0010287524830445835,2.135471133060569,0.9695934099465918
1975_carry_forward_midmonth,30,1976,2005,0.024566388888888888,-0.0006608825146467583,0.024511122566599947,-0.0006969569875472617,2.0677609528141074,0.9793012231524383
1975_carry_forward_midmonth,30,1977,2006,0.023809444444444446,-0.0005362714221300635,0.023754753705892428,-0.0005719059020223438,2.0224506880407658,0.982984344628305
1975_carry_forward_midmonth,30,1978,2007,0.023346111111111113,-0.0005275534251984719,0.023291802284106204,-0.0005631433152589781,1.9951927068864999,0.9832429299366908
1975_carry_forward_midmonth,30,1979,2008,0.023144444444444443,-0.0006970244242617755,0.023089995474583035,-0.0007332117303913367,1.9834220410768646,0.9782359113883281
1975_carry_forward_midmonth,30,1980,2009,0.022446944444444443,-0.00017318533105550686,0.022391273368449455,-0.00020933501752496824,1.9431844084145609,0.993738974483277
1975_carry_forward_midmonth,30,1981,2010,0.02113027777777778,-6.320532537480069e-05,0.021080800500445453,-9.870896216269772e-05,1.869835088928006,0.997042965637703
1975_carry_forward_midmonth,30,1982,2011,0.019750277777777776,-3.2560863740553154e-05,0.019711444860949293,-6.766289462586406e-05,1.7960516042433807,0.9979721034503755
1975_carry_forward_midmonth,30,1983,2012,0.018355277777777776,-0.0003499111070178492,0.01832789067664037,-0.00038755053733847717,1.724364847106233,0.9884385831783231
1975_carry_forward_midmonth,30,1984,2013,0.01740138888888889,-0.0006880871265435573,0.017374359582283436,-0.0007275590235639133,1.6765775375829155,0.9784019371525994
1975_carry_forward_midmonth,30,1985,2014,0.01649222222222222,-0.0011043273079775187,0.016464729594210352,-0.001143534400402388,1.6321850976862307,0.9662567802368107
1975_carry_forward_midmonth,30,1986,2015,0.015584722222222222,-0.0015083014615233537,0.01555644689476327,-0.0015461320515786298,1.5889931465280067,0.9546410658609175
1975_carry_forward_midmonth,30,1987,2016,0.014780277777777778,-0.0025106813470481973,0.014750227818938259,-0.0025352132357185663,1.5515819716690988,0.9266744424013379
1975_carry_forward_midmonth,30,1988,2017,0.014091944444444445,-0.0036094043370751764,0.014059381514212098,-0.0036285948225090025,1.5202031133923148,0.8966803595913245
1975_carry_forward_midmonth,30,1989,2018,0.01342888888888889,-0.004428442804457807,0.013393948546181112,-0.004448571337917137,1.4905590905864379,0.8748044789238084
1975_carry_forward_midmonth,30,1990,2019,0.012621944444444444,-0.0047737389086092595,0.012586352347991098,-0.004795197097809143,1.4553320373387408,0.8657129185165877
1975_carry_forward_midmonth,30,1991,2020,0.011685833333333333,-0.0049803151124961625,0.01165196401871604,-0.005001214958401267,1.415578213783518,0.8603526749550641
1975_carry_forward_midmonth,30,1992,2021,0.010741944444444445,-0.0057063036458977,0.010710722886679243,-0.005737267899137916,1.3765950322417688,0.8414626281961163
1975_carry_forward_midmonth,30,1993,2022,0.009804444444444444,-0.007475435329793071,0.009776693546667051,-0.007563977978185289,1.3389374173780118,0.7962979149658936
1975_carry_forward_midmonth,30,1994,2023,0.009081666666666667,-0.00889898934699446,0.009057551056160068,-0.009022246513263025,1.3106239530387491,0.7619336476740647
1975_carry_forward_midmonth,30,1995,2024,0.008577222222222222,-0.009262639231943611,0.008555375575088495,-0.009386509305117637,1.2911968418619164,0.7535761485010372
1975_carry_forward_midmonth,30,1996,2025,0.008054722222222222,-0.009888502391610935,0.008035071467332169,-0.010010807263581988,1.271362124881442,0.7394581651562123
