replicate,n_draws,nominal_mean,inflation_mean,real_mean,equity_real_mean
0,45,0.02002814814814815,0.021957407407411332,-0.0018249149255801257,0.09505725678882582
1,45,0.020763888888888887,0.02330740740740311,-0.0023957799797622533,0.11162727929935969
2,45,0.014727407407407408,0.01980740740740578,-0.004959522936650052,0.10569889516327645
3,45,0.02182259259259259,0.02687592592592822,-0.004870646850876664,0.08020861525566667
4,45,0.017102592592592593,0.021774074074073557,-0.004531961887717142,0.10408376289532849
5,45,0.01974,0.023861111111104668,-0.0039796367533239665,0.052343481749111645
6,45,0.020496666666666667,0.02381296296296689,-0.003200923624966433,0.09322353980594711
7,45,0.019864074074074072,0.022725925925934223,-0.0027431074851776314,0.10039367516130804
8,45,0.018756296296296295,0.022059259259262,-0.0031868737134683792,0.10236211683974004
9,45,0.017150185185185185,0.018955555555560222,-0.0017206965962310984,0.09474090173609875
10,45,0.016573888888888888,0.017733333333334888,-0.0011011055073493277,0.10077520626282627
11,45,0.017318518518518518,0.01962592592593311,-0.002212893763905403,0.10423614379251778
12,45,0.020925370370370372,0.02302592592592889,-0.0019780311577619193,0.06741193964488636
13,45,0.01808037037037037,0.021540740740744444,-0.003336251862210725,0.07109773639345737
14,45,0.020780185185185186,0.02183333333333711,-0.0009022677893665535,0.13215623993670497
15,45,0.02106259259259259,0.022774074074076223,-0.001575111092989655,0.05723885375424053
16,45,0.02126425925925926,0.022738888888887112,-0.0013365890716790915,0.06479844701532142
17,45,0.017073703703703702,0.018075925925930443,-0.0009324653632954489,0.09291435189552276
18,45,0.01719314814814815,0.018979629629632,-0.0017045108013737462,0.14066145982517292
19,45,0.01936037037037037,0.022498148148145557,-0.0029910154041024634,0.06739794877136626
20,45,0.018619814814814815,0.023038888888885334,-0.004275418379708324,0.09042683480159694
21,45,0.016284814814814814,0.017701851851854,-0.001325510888036553,0.10615535357061609
22,45,0.019982777777777776,0.019372222222217333,0.0006869085865218777,0.14234635704329085
23,45,0.019079074074074075,0.02270185185185511,-0.00346940133183993,0.08199826827346586
24,45,0.020696481481481482,0.024662962962961554,-0.0038193592293053955,0.13541447344883337
25,45,0.021621296296296295,0.023624074074071112,-0.0018949424503132207,0.1250981523680338
26,45,0.020367222222222224,0.02178888888888489,-0.0012729570718534372,0.06342281789527164
27,45,0.017972407407407406,0.020331481481481554,-0.002221250567415837,0.053957163365315246
28,45,0.017772037037037038,0.020809259259254666,-0.0029331293714958155,0.10951439247674578
29,45,0.01947314814814815,0.02292962962963489,-0.003325539467457693,0.0765167644143231
30,45,0.01582185185185185,0.018416666666668222,-0.0025027398439143957,0.10747027389373644
31,45,0.018171296296296297,0.021207407407412223,-0.002917332595231385,0.0653786054585232
32,45,0.019448703703703704,0.02267592592592289,-0.0031190713671953463,0.09537195568203555
33,45,0.01826,0.02244444444444911,-0.004048461015564933,0.06575835014176942
34,45,0.02045574074074074,0.022261111111113556,-0.0017077326876095238,0.10835802883593208
35,45,0.01951962962962963,0.02073703703703689,-0.0011540499524986024,0.12772321773853781
36,45,0.01901148148148148,0.022529629629632,-0.0034224224712778788,0.07565261059040355
37,45,0.015816296296296297,0.019562962962969777,-0.003641620354423389,0.10444223586491111
38,45,0.018941296296296296,0.02186111111111489,-0.002790743210815933,0.1059842579343708
39,45,0.01779962962962963,0.021394444444453556,-0.003481212277002495,0.04510274172001338
40,45,0.019561666666666668,0.022970370370371557,-0.0032482565541797318,0.06876087194772267
41,45,0.019771666666666667,0.02060370370370178,-0.00076038971470207,0.11073393909546667
42,45,0.019865925925925926,0.022074074074076445,-0.002114459733779217,0.07319152736555071
43,45,0.017523518518518518,0.020775925925922,-0.003133493769540182,0.12381546938745555
44,45,0.017565925925925926,0.019433333333330888,-0.0017750439474076816,0.09580058157059133
45,45,0.018480555555555556,0.02203148148148289,-0.003413389313563031,0.101383521094176
46,45,0.017178148148148147,0.019596296296304445,-0.0023170458203464763,0.09659769291475916
47,45,0.016131296296296296,0.019724074074074,-0.003462392587648434,0.07153073221776804
48,45,0.01671574074074074,0.020131481481478666,-0.0033307395909559804,0.09377356146213693
49,45,0.01758388888888889,0.021464814814816224,-0.003759120211700563,0.09735309940431515
50,45,0.019238703703703702,0.02047037037036889,-0.0011383009222878456,0.11264832722126089
51,45,0.01715685185185185,0.019794444444449333,-0.0025255375987205766,0.06335647712926182
52,45,0.018297037037037035,0.020388888888886667,-0.0019899073418479705,0.057980973887022266
53,45,0.017236666666666667,0.021464814814823777,-0.004090612091451483,0.09355692074977293
54,45,0.019899444444444445,0.02352222222222,-0.0035099256330641915,0.08906799377799644
55,45,0.016595925925925927,0.019757407407408,-0.003076322724016236,0.09254213232904267
56,45,0.01957148148148148,0.019685185185181555,-2.577958591659287e-05,0.10725329652322364
57,45,0.020860925925925925,0.023316666666668446,-0.002322756978420383,0.07463239135468466
58,45,0.016029074074074074,0.019825925925927333,-0.003703955118246924,0.1005580091290032
59,45,0.019216296296296297,0.020585185185181112,-0.0012660786559643188,0.10297480521072626
60,45,0.019173148148148147,0.020461111111110444,-0.001207476049224448,0.12960786720175388
61,45,0.020617962962962963,0.021785185185186667,-0.0010318400295950016,0.05385952952740276
62,45,0.018773703703703702,0.021757407407409557,-0.0028846112399169184,0.047349754444756975
63,45,0.017859629629629628,0.019748148148152223,-0.0017995783783110052,0.07169085526579694
64,45,0.01770314814814815,0.02189814814815311,-0.004066265533123952,0.13518514267476403
65,45,0.01871148148148148,0.020816666666671778,-0.0020435287036965314,0.08946884289892044
66,45,0.015208703703703703,0.020553703703706,-0.005203544936494815,0.04600355311355738
67,45,0.020849074074074075,0.024961111111115555,-0.003934366837677934,0.07774843613244804
68,45,0.01931574074074074,0.021981481481474,-0.0025485957406908965,0.13750604724516272
69,45,0.01884240740740741,0.021340740740734,-0.0023819117783405014,0.09641056270706044
70,45,0.019909814814814814,0.02348333333333111,-0.0034105818359159356,0.041372532208064576
71,45,0.014998703703703703,0.01880370370370311,-0.003691614676620758,0.08323945528957026
72,45,0.01896537037037037,0.021885185185185112,-0.0027964408889819214,0.10103166461537688
73,45,0.01856574074074074,0.020694444444443776,-0.0020140428882772826,0.11039169822868541
74,45,0.017113518518518517,0.019659259259261555,-0.002456700981142158,0.1302253585014796
75,45,0.020969444444444443,0.025051851851852668,-0.0039484328676379025,0.08383629214812222
76,45,0.015761296296296298,0.017642592592589556,-0.0017934357953494492,0.08697246654442542
77,45,0.01792,0.021296296296299557,-0.0032429025831269584,0.07410258868181653
78,45,0.02023648148148148,0.025699999999998665,-0.005284309135848043,0.0317739012867956
79,45,0.021339814814814815,0.02363518518518578,-0.002182081866703017,0.10546537155789999
80,45,0.015471481481481482,0.01918148148148289,-0.0035827967449778985,0.1123847356181561
81,45,0.018035370370370372,0.020744444444440666,-0.0026203021417010464,0.10026748589618578
82,45,0.018805,0.021203703703707333,-0.002253921306403243,0.1275926549821849
83,45,0.01587,0.01832777777778,-0.0023460054989570167,0.06373228309725876
84,45,0.021229074074074074,0.023487037037038888,-0.002120580385900007,0.10856471960480667
85,45,0.020303703703703702,0.023827777777782444,-0.0033882481716951286,0.1532237222571325
86,45,0.016445555555555557,0.019942592592592668,-0.0034019173765234396,0.08533953363347377
87,45,0.01660037037037037,0.021801851851855333,-0.0050388901141625395,0.08748906734671026
88,45,0.019218333333333334,0.018892592592590445,0.000416339288445987,0.10171560044637208
89,45,0.01542537037037037,0.018349999999998888,-0.0028251269480704813,0.08775450273418182
90,45,0.015282407407407408,0.01895740740741222,-0.0035576354791853333,0.03187355476811608
91,45,0.01850425925925926,0.019862962962962444,-0.001264276408685832,0.1279851030078996
92,45,0.01847148148148148,0.022527777777774,-0.0039267552277900885,0.09307975866192222
93,45,0.014777037037037036,0.018590740740737556,-0.003704830876122157,0.10774300003123333
94,45,0.016009814814814814,0.021125925925923113,-0.004999746552906475,0.05288890099391738
95,45,0.017647962962962963,0.018929629629632887,-0.0011719909394004406,0.09408861438708235
96,45,0.01711574074074074,0.019427777777774224,-0.0022187502490990034,0.05720069685953609
97,45,0.018386481481481483,0.02157407407407911,-0.0030858104779777204,0.09451070688276089
98,45,0.016671296296296295,0.019592592592598,-0.0027965525444037876,0.09629518658150858
99,45,0.018823333333333334,0.022274074074078668,-0.003321128497787441,0.0831180013628347
100,45,0.016579074074074072,0.019920370370371334,-0.00323273983955237,0.11122114039476537
101,45,0.018602407407407408,0.021285185185184668,-0.002578647521193058,0.06020554047529378
102,45,0.020125555555555556,0.023618518518522445,-0.0033648272652862955,0.11723954477373387
103,45,0.019347962962962963,0.02153333333333111,-0.002059358041978432,0.11841551986237249
104,45,0.019624259259259258,0.021755555555551778,-0.002030592061592899,0.07073131155001026
105,45,0.01724462962962963,0.019031481481482444,-0.0017054510118448521,0.060980556564711595
106,45,0.019906666666666666,0.020720370370370222,-0.000709505429802119,0.11465609226763115
107,45,0.016613148148148148,0.021825925925922446,-0.005056971989042355,0.03489141632515604
108,45,0.01870425925925926,0.019988888888885555,-0.001203497570977399,0.032056781941816666
109,45,0.02137537037037037,0.02314814814814622,-0.0016722614997999245,0.0871159351999072
110,45,0.01751222222222222,0.020203703703711332,-0.002588849426261983,0.12476506524037294
111,45,0.018021296296296296,0.021794444444443777,-0.003652269027213853,0.07233006481212183
112,45,0.01968666666666667,0.02299074074073711,-0.003131173267455494,0.09513735300710587
113,45,0.017490925925925927,0.022385185185185334,-0.00474482839256097,0.04325598173283027
114,45,0.018811666666666668,0.01989444444444022,-0.0009858655677831532,0.07695878853821218
115,45,0.018987962962962963,0.019962962962972,-0.000908303214818424,0.08683311258991525
116,45,0.017631296296296298,0.020622222222224,-0.002883540207126176,0.07262923185470405
117,45,0.017068333333333335,0.021229629629633557,-0.004055517698090608,0.10058084258879112
118,45,0.01845111111111111,0.020309259259259776,-0.0017859224410882119,0.047931237336204933
119,45,0.01841148148148148,0.020270370370372222,-0.0017660207898706655,0.10311070610539476
120,45,0.017657037037037037,0.021701851851860222,-0.0039369228664009786,0.06531371037455422
121,45,0.01910925925925926,0.025264814814816444,-0.005960679831558943,0.06169672467714489
122,45,0.017323333333333333,0.02042962962963311,-0.0029985866369856944,0.11323814372816977
123,45,0.020994814814814813,0.023092592592585778,-0.0019578408700570323,0.0773570421574076
124,45,0.01932537037037037,0.023066666666668224,-0.003599896959654525,0.05909850177922804
125,45,0.013109074074074073,0.014931481481483778,-0.0017572125423368822,0.09812446821231831
126,45,0.018378703703703703,0.021566666666673777,-0.0030790676753960694,0.096170477389896
127,45,0.01627277777777778,0.02151851851852711,-0.005111607784428341,0.06399298436437244
128,45,0.021239074074074073,0.022890740740740444,-0.0015361809605799347,0.11114550431390756
129,45,0.020398333333333334,0.021553703703702222,-0.0010425185715623626,0.1073097418530396
130,45,0.017010555555555557,0.020940740740740444,-0.0038027835345275035,0.07821015729048045
131,45,0.016183148148148148,0.02024629629629778,-0.003950402694155169,0.03900949585707111
132,45,0.017690185185185184,0.02071296296296711,-0.002899616872941439,0.09390971362408355
133,45,0.018585925925925926,0.020331481481478668,-0.0016522806116131205,0.07814229179606542
134,45,0.017002037037037038,0.020520370370371334,-0.003399758977842968,0.07876272770977377
135,45,0.017831666666666666,0.019946296296295112,-0.002037356409998645,0.12762208671750266
136,45,0.015165185185185184,0.019001851851853335,-0.003709165582637349,0.0885342785426272
137,45,0.020974074074074072,0.024968518518521332,-0.0038515549591048256,0.12428550173673378
138,45,0.018048333333333333,0.021057407407408888,-0.0028583417689487934,0.07951790115878235
139,45,0.014803518518518518,0.020564814814819112,-0.005631505411829808,0.063470867055652
140,45,0.01736722222222222,0.02006111111111689,-0.0025983709129769514,0.077017244784416
141,45,0.019884074074074075,0.021614814814818223,-0.0016083294953202845,0.10889655216595599
142,45,0.019898333333333334,0.023205555555557332,-0.0031864870366434496,0.09290721348251209
143,45,0.017999444444444443,0.02013518518518289,-0.0020160642916229395,0.11083155361728848
144,45,0.021354444444444443,0.023831481481481332,-0.002325767549221099,0.0833476331453592
145,45,0.01790259259259259,0.021190740740732444,-0.003190851469071671,0.07912864104014977
146,45,0.017887037037037038,0.022246296296306443,-0.004202691425143253,0.06373874333560667
147,45,0.018754814814814814,0.020466666666667334,-0.0016147363216057512,0.09815157755525124
148,45,0.016680185185185187,0.021975925925928667,-0.005148576717820886,0.037397963382175554
149,45,0.015922407407407406,0.018238888888884,-0.002234014739417282,0.09935894083833827
150,45,0.02205185185185185,0.025744444444452,-0.003563897340516776,0.1079774995651
151,45,0.018988703703703702,0.020761111111115334,-0.001654145663310036,0.1233835513074036
152,45,0.01756537037037037,0.021712962962961557,-0.004020596225847186,0.06271207783292448
153,45,0.01960074074074074,0.024044444444442,-0.004319495394129892,0.08510528554103694
154,45,0.01782925925925926,0.020496296296303555,-0.0025671043300447374,0.12851742678469777
155,45,0.015527222222222222,0.01788518518517978,-0.002243223304560127,0.11019818427578404
156,45,0.016559074074074073,0.018996296296296,-0.0023742691054309383,0.08527026929410311
157,45,0.01951574074074074,0.025609259259258665,-0.0059050702841949255,0.04379654146928889
158,45,0.018928518518518518,0.021653703703697555,-0.0025925559949698707,0.045591532049186666
159,45,0.024180740740740742,0.028787037037036223,-0.004409405514179267,0.06667024796579027
160,45,0.020475925925925925,0.023162962962962667,-0.002564611977492759,0.09226342723059303
161,45,0.015742962962962962,0.018829629629623555,-0.0029889091018239764,0.018377356977671643
162,45,0.01577574074074074,0.017688888888890444,-0.001825690624286633,0.09689233409340364
163,45,0.018782037037037038,0.023972222222224445,-0.0050531916309326545,0.09264827016376488
164,45,0.021742037037037035,0.025088888888889778,-0.00319155705332005,0.08245363703046404
165,45,0.01713148148148148,0.020714814814818,-0.0034797999507989105,0.12276450017272404
166,45,0.02033148148148148,0.024272222222226667,-0.0038122534876992046,0.057957949022017376
167,45,0.017054814814814814,0.02201851851852089,-0.004825928727625225,0.10369189086217111
168,45,0.020030370370370372,0.024768518518516445,-0.0045698181623623985,0.06921245149553293
169,45,0.017151851851851852,0.019837037037037555,-0.002571623625706038,0.10509788524945693
170,45,0.016637037037037037,0.020703703703705334,-0.00394674852698107,-0.003919756593219867
171,45,0.018217962962962964,0.022738888888894443,-0.004388603713690051,0.05504480587880222
172,45,0.018171851851851852,0.021544444444445112,-0.0032351598067856444,0.08042035313170987
173,45,0.018429074074074073,0.022868518518514222,-0.004301025240386911,0.0944469818699089
174,45,0.019016111111111112,0.022229629629628888,-0.0030885475581509387,0.11338983944165333
175,45,0.01780148148148148,0.021525925925932665,-0.0036336986903881627,0.12028833650702
176,45,0.021593888888888888,0.025698148148147335,-0.003926175856910498,0.08292811016997609
177,45,0.015756296296296296,0.017316666666669554,-0.0014629299435724515,0.09832195960155556
178,45,0.018605740740740742,0.023581481481484666,-0.004811733438792324,0.0948612567656627
179,45,0.01639203703703704,0.022033333333334,-0.005485610178631961,0.09850933924570711
180,45,0.019554444444444444,0.023529629629627555,-0.0037837541040494378,0.09015689532440373
181,45,0.023267407407407407,0.024214814814819335,-0.00084235482078537,0.1239691552936179
182,45,0.01739,0.01992407407407378,-0.002433638221833966,0.12387372887162583
183,45,0.019907037037037036,0.02296481481481889,-0.0029326785804981367,0.0742815161284739
184,45,0.01849925925925926,0.020627777777781554,-0.002055972043912055,0.1052825134106507
185,45,0.01816240740740741,0.018966666666665556,-0.0007487338754228517,0.13700223939480088
186,45,0.018903148148148148,0.022290740740744223,-0.0032800723247131407,0.06320065670069026
187,45,0.01634537037037037,0.018883333333337332,-0.0024307800418751037,0.10692796998341556
188,45,0.019467037037037036,0.021983333333336224,-0.0024087134857691994,0.08758949147857249
189,45,0.017682407407407407,0.021412962962964667,-0.00360806700524,0.07134900438261738
190,45,0.01686037037037037,0.021844444444447334,-0.004847878671775987,0.11120004368566577
191,45,0.01908425925925926,0.02356481481481489,-0.004310682449835839,0.06261155933780364
192,45,0.022749444444444444,0.025294444444442222,-0.002409630182466538,0.1265296673379032
193,45,0.018281481481481482,0.02291851851852667,-0.004509330220649936,0.10293572500601467
194,45,0.01667888888888889,0.019372222222227554,-0.0026063426821299855,0.09286901521788045
195,45,0.019451481481481483,0.022072222222217778,-0.00250780259179398,0.09821405924936587
196,45,0.018909259259259258,0.024196296296297555,-0.00511569546827424,0.04586694837836222
197,45,0.017931666666666665,0.022375925925921556,-0.004314074228177736,0.08374648565507245
198,45,0.018521481481481483,0.020192592592595555,-0.0015660048200047047,0.1327500647073334
199,45,0.017469444444444444,0.02183703703703711,-0.004215608074044703,0.07435694825768235
200,45,0.017410185185185185,0.021209259259266443,-0.0036757312794023647,0.07703844059548365
201,45,0.01919222222222222,0.023398148148154888,-0.004048905043175102,0.05149889427407249
202,45,0.01586037037037037,0.021361111111120445,-0.0053461265743804795,0.09144527503909866
203,45,0.01848574074074074,0.022875925925927555,-0.004255069499901894,0.10616206651773777
204,45,0.015605185185185185,0.018412962962968446,-0.002709969176052682,0.12314048175109155
205,45,0.021891296296296298,0.023820370370368223,-0.0017929218257025869,0.06104342818138946
206,45,0.019838703703703702,0.02389999999999711,-0.003914593578418714,0.0753230364247116
207,45,0.017820185185185185,0.01916111111111489,-0.0012251494308274473,0.04552174593028684
208,45,0.018150555555555555,0.02112777777777489,-0.0028554706041796305,0.061684782269450705
209,45,0.01975277777777778,0.02193703703703689,-0.0020839526197237684,0.07827352636863254
210,45,0.017726111111111113,0.01929444444445022,-0.001484883327823784,0.08338735789915831
211,45,0.016328148148148147,0.019527777777785332,-0.0030911500640300113,0.11789416594844848
212,45,0.01951111111111111,0.023851851851841334,-0.004209988807240705,0.06948007574368044
213,45,0.016323333333333332,0.01794999999999489,-0.001548821938885525,0.09328117531577515
214,45,0.02137425925925926,0.023942592592590222,-0.0024648686983139143,0.07800714194361472
215,45,0.016117222222222224,0.01990185185185422,-0.0036783058982884686,0.0876469955601796
216,45,0.020167222222222222,0.024070370370368445,-0.0037459342417444186,0.0670398799029952
217,45,0.017724814814814815,0.020814814814820667,-0.0029473429140192205,0.09057996436644
218,45,0.016992407407407407,0.018635185185197335,-0.0015511321515950262,0.09367605352704013
219,45,0.021366666666666666,0.023040740740745334,-0.001572334122103837,0.09865817213926355
220,45,0.01722388888888889,0.020614814814818222,-0.0032800508268427063,0.11135600045641693
221,45,0.016671666666666668,0.021405555555557332,-0.004586302852997472,0.09491652047425075
222,45,0.02004685185185185,0.023907407407409334,-0.0037282725965425492,0.0942710183764849
223,45,0.01821611111111111,0.022011111111115554,-0.003670317725624105,0.10143539856273248
224,45,0.017261296296296295,0.02027222222222067,-0.0029224758172838477,0.08834479450106582
225,45,0.01879425925925926,0.021859259259262888,-0.0029162519704413366,0.14015297252095377
226,45,0.01851037037037037,0.020783333333341557,-0.0021879808594172144,0.12035261281194765
227,45,0.01615,0.019629629629628446,-0.0033803718907620376,0.07156029967680849
228,45,0.016999444444444445,0.022059259259260222,-0.004908826747125877,0.06683854282982497
229,45,0.017772962962962963,0.020805555555556444,-0.002914859484771227,0.12445797753764581
230,45,0.016647407407407406,0.01879629629629689,-0.002057268444073521,0.1282203668068032
231,45,0.01770185185185185,0.020870370370374224,-0.0030490161500030294,0.09734077004298942
232,45,0.019799074074074073,0.022105555555553557,-0.0022077782607802785,0.09426891255782405
233,45,0.01993814814814815,0.021864814814813335,-0.0018137058520018383,0.1485743724891832
234,45,0.017551666666666667,0.021927777777773334,-0.004223246129362806,0.0917287568924885
235,45,0.019743518518518518,0.02322407407407622,-0.003373458220960404,0.07961627434769111
236,45,0.017993333333333333,0.02281481481482022,-0.004681704547172561,0.10387168681504359
237,45,0.018449074074074073,0.02424629629629689,-0.005640092999319253,0.05828889520272444
238,45,0.017695555555555555,0.020372222222224668,-0.002578882777756471,0.08843964304913743
239,45,0.017418703703703704,0.021588888888885778,-0.004064077516384729,0.12064859311711867
240,45,0.024477407407407406,0.026864814814816444,-0.002233145874416202,0.08689730747338137
241,45,0.01854037037037037,0.02379444444445422,-0.005082614061958152,0.11016614640770893
242,45,0.017650555555555555,0.02014629629630311,-0.0023971322684093878,0.1299152170686654
243,45,0.018647407407407408,0.02053148148147489,-0.0017704248548386383,0.10102980016403959
244,45,0.01934037037037037,0.02298518518518889,-0.003498129020833902,0.1049117372960036
245,45,0.017798703703703702,0.01921481481481511,-0.0013282377083929085,0.13235738392668933
246,45,0.017544444444444446,0.019885185185191778,-0.002248714846202904,0.0919448892302636
247,45,0.020726111111111112,0.02452407407407622,-0.0036609794757397045,0.06367596917988888
248,45,0.016116111111111112,0.019175925925932,-0.0029661973807890265,0.10380318318545476
249,45,0.017891296296296298,0.020462962962965334,-0.002450688790886282,0.10827376145864671
250,45,0.016545185185185184,0.01903148148147978,-0.0023757759022294133,0.07240058469987821
251,45,0.02337111111111111,0.02687777777778089,-0.0033266635408634023,0.10908835544946534
252,45,0.01948648148148148,0.022392592592592443,-0.0027527646209421336,0.12091867982583027
253,45,0.01745277777777778,0.019411111111109554,-0.00186050364817763,0.10974681296634849
254,45,0.023267962962962963,0.025320370370375555,-0.0019372977020692221,0.11662052144819027
255,45,0.021913703703703703,0.023472222222218668,-0.0014496168356159696,0.13764761342657247
256,45,0.02160425925925926,0.026274074074074668,-0.004477968970610298,0.11534138157752
257,45,0.021987592592592593,0.025794444444443555,-0.0036381491141426465,0.06905819236374226
258,45,0.022085,0.024640740740743555,-0.0024579578109291136,0.08106171313046488
259,45,0.019248333333333333,0.021055555555556,-0.0016645815202995103,0.09298305488847693
260,45,0.018552407407407406,0.021511111111116,-0.0028617165098963897,0.11222449593191823
261,45,0.01637648148148148,0.02037962962963711,-0.0038982271061851776,0.062404509153224486
262,45,0.016518333333333333,0.01985185185185378,-0.0032383463519707087,0.09075022565683027
263,45,0.016557407407407406,0.019322222222225332,-0.0026713563963074475,0.09207979470326044
264,45,0.018253333333333333,0.021681481481479335,-0.0033106870557572873,0.07474284617576804
265,45,0.020221296296296296,0.02481851851851911,-0.004457534824654529,0.09242748296591778
266,45,0.015413148148148148,0.018481481481486445,-0.002976791935325762,0.07914204284044493
267,45,0.017308333333333332,0.019348148148153776,-0.0019057617519043582,0.10164240569705969
268,45,0.020608703703703702,0.02432962962963289,-0.0035566382217622327,0.04013905217692013
269,45,0.01957462962962963,0.022394444444442666,-0.002700148710665065,0.06776168977412943
270,45,0.022012777777777777,0.023185185185180666,-0.0010479450164238779,0.08340930266969555
271,45,0.01696537037037037,0.019679629629636222,-0.0026209550272389016,0.07126044911589338
272,45,0.018517222222222223,0.021585185185184666,-0.0029149290442478455,0.10651172481160405
273,45,0.021319074074074074,0.024779629629628444,-0.0032984428600300116,0.12077607736536983
274,45,0.018638333333333333,0.02111111111111311,-0.0023393313322119602,0.0794060106620472
275,45,0.022241851851851853,0.02548333333333578,-0.003078253660378056,0.09873612327212854
276,45,0.021200555555555556,0.02341666666666511,-0.00206881341526156,0.04065770533947471
277,45,0.019888703703703704,0.023874074074075557,-0.003843999436865987,0.09406922046912004
278,45,0.017446666666666666,0.02141481481481378,-0.003834804880053238,0.09756900582694711
279,45,0.018264259259259258,0.020866666666665777,-0.002473083651580642,0.08854006031653831
280,45,0.018547777777777778,0.020800000000006,-0.002147723172403351,0.06418412963648275
281,45,0.015592407407407407,0.020498148148153334,-0.004800462427208339,0.090718618212216
282,45,0.01942462962962963,0.02141296296296889,-0.0018790126159715032,0.10125486764088404
283,45,0.015241111111111112,0.019161111111109557,-0.0037887870103606083,0.09104849147962933
284,45,0.018064444444444445,0.020324074074078,-0.002166583509249004,0.10070296089524311
285,45,0.017629444444444444,0.022561111111124,-0.004758896703710924,0.0729921321801556
286,45,0.019219444444444445,0.02201851851852,-0.002657251118066759,0.051976641599984934
287,45,0.017627962962962963,0.02084629629630311,-0.0031029447621208493,0.12069168631306626
288,45,0.019882962962962963,0.023168518518512222,-0.0031469763035224456,0.06458527958988942
289,45,0.01783925925925926,0.02129814814815022,-0.003318631229864784,0.09849247196717333
290,45,0.018613703703703705,0.01854074074073578,0.0001994083013510216,0.07194240427705484
291,45,0.01619574074074074,0.019833333333331333,-0.003520876199007228,0.048861002448684486
292,45,0.01903203703703704,0.02333148148147489,-0.00414023952818093,0.07117452643090583
293,45,0.017446666666666666,0.022466666666659335,-0.004876084710945781,0.10439507995140222
294,45,0.018988703703703702,0.022311111111115334,-0.0031799481184519992,0.09937732730696582
295,45,0.015982777777777776,0.018201851851857777,-0.002113860244788654,0.11375268404761778
296,45,0.01890851851851852,0.02386481481482311,-0.004801001999623011,0.11036771560871915
297,45,0.016787037037037038,0.020388888888893113,-0.003476570448771795,0.10206278628374542
298,45,0.019202592592592594,0.021598148148152,-0.0022795401274131057,0.13135961174489072
299,45,0.018065925925925926,0.02107962962963489,-0.0028945682265534758,0.09451760580785254
300,45,0.017174074074074074,0.020307407407410223,-0.0030490071964164337,0.07100228403882489
301,45,0.016506296296296297,0.02004814814814689,-0.003432354318272969,0.04582405700333026
302,45,0.01761888888888889,0.02118888888888911,-0.0034422235300485765,0.11272635209131382
303,45,0.015749444444444444,0.01994629629629578,-0.004072502686091241,0.05109932102492227
304,45,0.017557222222222224,0.02325555555556,-0.005502528100306877,0.08376944500969248
305,45,0.01624314814814815,0.020246296296296,-0.0038960277394526938,0.11791666465406223
306,45,0.01721111111111111,0.02040370370371578,-0.003101217906745303,0.10610823034507698
307,45,0.017743148148148147,0.021588888888888,-0.003713686441865501,0.09949493701534894
308,45,0.021792407407407406,0.02494629629629311,-0.00302838839342972,0.09471625020381555
309,45,0.01933074074074074,0.021416666666665557,-0.0019859664087777088,0.12396153140920049
310,45,0.017791296296296295,0.020077777777778666,-0.0021731966637722677,0.05018143574121697
311,45,0.019269444444444443,0.02198148148147889,-0.0026085122645782555,0.12687496809703028
312,45,0.01839296296296296,0.02162222222221778,-0.003122634532276954,0.054654980585667645
313,45,0.020323333333333332,0.022722222222227334,-0.0022768588559840663,0.0670680587386556
314,45,0.01691648148148148,0.02041666666666889,-0.0033902397280686767,0.1152605486894067
315,45,0.02339111111111111,0.026505555555551112,-0.00296847909300363,0.06540698337515657
316,45,0.019467222222222223,0.02121296296297111,-0.0016582967195715194,0.11315284198542938
317,45,0.020543333333333334,0.023096296296294,-0.0024276958538551902,0.12441333337324449
318,45,0.018437592592592592,0.022427777777778223,-0.003872036527715086,0.07614495501406005
319,45,0.015701481481481483,0.01812407407407378,-0.0023264019124707475,0.11666609466764
320,45,0.021482777777777778,0.024083333333336888,-0.002449769613872547,0.11423186328694
321,45,0.017338333333333334,0.019781481481482222,-0.002342722058134086,0.11201722128962005
322,45,0.02008314814814815,0.023585185185186888,-0.0033726699379169884,0.07049569688982764
323,45,0.020779814814814813,0.02172222222222,-0.0008447863801059318,0.08537626686354724
324,45,0.01842648148148148,0.021514814814810445,-0.002961799236182467,0.05681694602846844
325,45,0.01942851851851852,0.023524074074082222,-0.0039617823436255565,0.050504401813916
326,45,0.016757222222222222,0.020442592592602223,-0.0035708556510331644,0.10256207537028666
327,45,0.020119074074074074,0.024420370370370443,-0.004178584836673534,0.044281234227652
328,45,0.01852074074074074,0.02220555555555778,-0.0035581450547933144,0.09834463871133516
329,45,0.018865925925925925,0.022514814814810224,-0.0035341482742656137,0.045526586003185335
330,45,0.018960185185185184,0.020555555555563113,-0.0014546926898068321,0.05179498599450902
331,45,0.018785555555555555,0.024131481481485112,-0.005192427155108809,0.044781967728868
332,45,0.01672777777777778,0.018187037037043555,-0.001370077097629226,0.11289759129420719
333,45,0.020931296296296295,0.022548148148149556,-0.0015236549206706065,0.09829051480006666
334,45,0.019853333333333334,0.023585185185185778,-0.0036018169086581902,0.12548289372549556
335,45,0.015910555555555556,0.018996296296299335,-0.0029798646372483305,0.10746051179449387
336,45,0.021115555555555554,0.02387592592593711,-0.0026480835059808842,0.11311926120048627
337,45,0.019410925925925925,0.021674074074078665,-0.0021528447280393923,0.12654261580710804
338,45,0.014065555555555555,0.018666666666667334,-0.004497623813601523,0.07461880310706222
339,45,0.020912592592592594,0.023872222222216445,-0.0028161743365114084,0.08139705687588596
340,45,0.02171333333333333,0.023590740740736887,-0.0017670043215923014,0.09086198780495071
341,45,0.017024814814814816,0.02242407407407711,-0.005243548891415103,0.027032407950432085
342,45,0.01985814814814815,0.02213518518518489,-0.002153134724563451,0.07681852095456235
343,45,0.018342777777777777,0.021931481481482887,-0.0034590272044038727,0.0732718147374481
344,45,0.01909351851851852,0.020937037037038888,-0.0017157017684218548,0.08729216401110355
345,45,0.017852777777777776,0.019664814814814666,-0.0017352294544585472,0.05279151210563644
346,45,0.019789444444444443,0.02228703703704089,-0.002383958048935174,0.0700743903095308
347,45,0.019926851851851852,0.023333333333338,-0.0032814338459289335,0.11320191261265831
348,45,0.017950925925925926,0.020794444444451776,-0.0027576600453550998,0.12126074864750934
349,45,0.01806814814814815,0.01956666666666978,-0.001386144293306309,0.09986926461283524
350,45,0.01888148148148148,0.022685185185187334,-0.0036528462799000623,0.08896136718825165
351,45,0.01840851851851852,0.020231481481480223,-0.001725416573519392,0.09857063968181831
352,45,0.019329444444444444,0.022509259259262223,-0.0030729999562070826,0.12330224983431555
353,45,0.019900185185185184,0.02206666666666489,-0.0020209310308547447,0.123233473435578
354,45,0.021767407407407405,0.02570925925925689,-0.0037889978813642,0.08203966347655332
355,45,0.020888518518518518,0.023037037037039777,-0.002010518216981172,0.12625570043096404
356,45,0.017413333333333333,0.020685185185183554,-0.003166014673256037,0.09849222869746804
357,45,0.018722407407407406,0.02402777777778,-0.005150536361169212,0.04207009933107378
358,45,0.015529814814814814,0.020809259259261335,-0.00515394812920795,0.07580916921057422
359,45,0.019093333333333334,0.024238888888889556,-0.004994967965463153,0.041871057437091554
360,45,0.019961481481481483,0.022309259259258668,-0.0022192998732909275,0.12615873541321027
361,45,0.015961481481481483,0.022379629629636223,-0.006263518910975674,0.03566616736890671
362,45,0.020238518518518517,0.020916666666665334,-0.0006005698396367812,0.1378556734294286
363,45,0.019503518518518517,0.021514814814816444,-0.0018970777547920696,0.10821704118061876
364,45,0.020065185185185186,0.022235185185190444,-0.002071798139752006,0.09098333547069248
365,45,0.019604629629629628,0.022651851851853335,-0.0029593316979697336,0.0948697224260111
366,45,0.019743703703703704,0.023650000000006888,-0.0037855882101907787,0.07709362226406266
367,45,0.019938888888888888,0.018581481481485335,0.0014223970185666174,0.15110636387980894
368,45,0.018334814814814814,0.022201851851851112,-0.003748970415438022,0.12270748377288711
369,45,0.018794074074074074,0.019992592592597776,-0.0011151980565538974,0.12547439062850443
370,45,0.01758351851851852,0.019444444444444223,-0.0017628471943441069,0.1110625324369939
371,45,0.017563333333333334,0.021159259259260668,-0.0034945458982275648,0.06705638452688627
372,45,0.016861666666666667,0.019905555555554223,-0.0029371852900730894,0.09106764894132853
373,45,0.018642962962962962,0.023292592592587334,-0.004519367248706195,0.04669288334164805
374,45,0.01507574074074074,0.017664814814817777,-0.0024914616137571978,0.12854420598817737
375,45,0.019583703703703704,0.022368518518519332,-0.0026679207793394834,0.11741810512181156
376,45,0.019257962962962963,0.022520370370374,-0.0031451853143726572,0.11856070397782044
377,45,0.016751111111111112,0.019120370370366,-0.002250442197409952,0.04684976694242626
378,45,0.017379259259259257,0.018312962962962667,-0.0008782743547259608,0.1219775432261511
379,45,0.016217962962962962,0.01997222222221978,-0.0036350358895738616,0.06251983568384532
380,45,0.01705148148148148,0.021124074074081556,-0.003945469137154582,0.120240729881476
381,45,0.018433703703703702,0.021566666666673555,-0.0030259181153979063,0.09210868190239516
382,45,0.017683703703703705,0.020909259259260224,-0.003127386215242361,0.08429664255717294
383,45,0.019635555555555555,0.022311111111113332,-0.0025542655577047786,0.09072289981173294
384,45,0.01726,0.019453703703700222,-0.0020919304490713024,0.10109402390181249
385,45,0.018730185185185187,0.020024074074074444,-0.0011823735652972062,0.09370433049098627
386,45,0.018975,0.02208703703703778,-0.0029848329706770845,0.11810394414674666
387,45,0.020592592592592593,0.023594444444445334,-0.0028643033188200926,0.15251867162938892
388,45,0.016405,0.019901851851858665,-0.0033778503902674637,0.08825793266404765
389,45,0.017773703703703705,0.020762962962968666,-0.0029066161143747075,0.10105039176429155
390,45,0.01922185185185185,0.02319629629629489,-0.0038365653475847983,0.07383121017090488
391,45,0.018666666666666665,0.02179629629630489,-0.0030512770806303668,0.07026874065103644
392,45,0.01955314814814815,0.023420370370369557,-0.0037268448451455135,0.0812182709985792
393,45,0.016682222222222223,0.021283333333333113,-0.004491976482241627,0.06338937836067778
394,45,0.017493333333333333,0.021940740740749556,-0.004286977092702281,0.10228878652981253
395,45,0.01825574074074074,0.021633333333338667,-0.0032520551093739416,0.07794935418219476
396,45,0.019902777777777776,0.024305555555557332,-0.004246391619609745,0.05851696543511653
397,45,0.01753537037037037,0.021668518518522,-0.0040063938764267025,0.08645127003377778
398,45,0.019318148148148147,0.022957407407413113,-0.003504316009107818,0.09417296075396182
399,45,0.02158648148148148,0.02326851851851711,-0.001595271586259813,0.07591472133323378
400,45,0.017317962962962962,0.01786481481481778,-0.00047954837935142684,0.08384523602257346
401,45,0.020213333333333333,0.023698148148145335,-0.003338805523812733,0.10954840324158013
402,45,0.016453148148148147,0.020046296296298446,-0.0034671833907690425,0.10182419860148582
403,45,0.01642388888888889,0.020318518518517112,-0.0037658173677465145,0.06814397238361071
404,45,0.019898703703703703,0.02309074074074,-0.003057733887840016,0.07268238290985156
405,45,0.017927222222222223,0.020646296296295333,-0.0026128279420119735,0.08095297113818489
406,45,0.016492407407407407,0.019037037037033556,-0.002435678379935159,0.1437233355248925
407,45,0.02105925925925926,0.024205555555552444,-0.0030048508651966278,0.04817154445115782
408,45,0.02215574074074074,0.02482777777778822,-0.0025309920711297155,0.1292062222524547
409,45,0.02127537037037037,0.024100000000003778,-0.002720185657504579,0.14116802021865776
410,45,0.017862962962962962,0.022631481481485777,-0.00462220388146571,0.08711015300798178
411,45,0.016055,0.021190740740739112,-0.005020554558439078,0.09763288966556533
412,45,0.01754,0.02140370370369978,-0.003733742804295528,0.09500573729932005
413,45,0.019068333333333333,0.021066666666671112,-0.0019190746656241122,0.06829574130556097
414,45,0.01948759259259259,0.020168518518521777,-0.0005941491353504129,0.11720010192996995
415,45,0.015525740740740741,0.019411111111113332,-0.0037591623721896458,0.07227543864052893
416,45,0.015082037037037038,0.021335185185184444,-0.006082512156425437,0.03729045484279111
417,45,0.022176296296296295,0.025005555555558667,-0.002704753378749948,0.04989831946211475
418,45,0.01606611111111111,0.020781481481486,-0.0045474622219440946,0.07826344751993071
419,45,0.01697962962962963,0.019266666666668222,-0.0021940930437048837,0.08143987338188044
420,45,0.01741462962962963,0.019629629629627332,-0.002109569848593456,0.1046216983597236
421,45,0.016800370370370372,0.020690740740748,-0.003765701045061931,0.11835755795009689
422,45,0.01901425925925926,0.022522222222222443,-0.0033732218712611843,0.03334532885856191
423,45,0.018757407407407407,0.020966666666674665,-0.0020947644549320485,0.09705696630067999
424,45,0.018042222222222223,0.022722222222220666,-0.00452579663790799,0.0891615535659596
425,45,0.01853537037037037,0.021699999999997777,-0.0030470195673209187,0.10502044060959333
426,45,0.01848037037037037,0.022214814814817112,-0.0036145600980818835,0.034524065412549376
427,45,0.01659888888888889,0.01971111111110489,-0.003012001864289831,0.09039122454549293
428,45,0.019450925925925927,0.022927777777779112,-0.0033741732612776933,0.05203715753424
429,45,0.01977814814814815,0.021057407407411334,-0.0011842511026146961,0.09688374521623876
430,45,0.017772222222222224,0.021587037037038667,-0.0036635844951952525,0.06881697497796138
431,45,0.019118703703703704,0.022051851851845557,-0.002808797735324278,0.06709992890146221
432,45,0.016782037037037036,0.020420370370364,-0.0035331446575611256,0.07907449033643156
433,45,0.015644444444444443,0.018981481481481332,-0.0032226646501071357,0.10484362326604138
434,45,0.018389074074074075,0.021646296296296667,-0.0031311442057096917,0.13783675577216942
435,45,0.015217222222222222,0.02019444444444378,-0.0048531307263991385,0.03431157641589822
436,45,0.017527407407407408,0.019303703703707556,-0.0016851909530965579,0.11215377861704627
437,45,0.01978425925925926,0.02394074074074422,-0.004030582477963943,0.09261043218345823
438,45,0.017200555555555556,0.019520370370374223,-0.002261305104483413,0.050053477075112936
439,45,0.01593,0.019183333333338444,-0.003147829030732785,0.10682766954585778
440,45,0.017162037037037038,0.020712962962965112,-0.0034349717386520004,0.11545416718361377
441,45,0.01992388888888889,0.025868518518518666,-0.005776320396378441,0.11549467556877822
442,45,0.015527777777777777,0.02020370370370711,-0.004564272494867128,0.051974358792036
443,45,0.016127592592592593,0.019187037037039334,-0.002944040477540523,0.04732140478817031
444,45,0.01936259259259259,0.021774074074069557,-0.002286898219766603,0.1037960234431
445,45,0.01951611111111111,0.02040370370370111,-0.0008046631245076503,0.1226852954229196
446,45,0.017352962962962962,0.019849999999991777,-0.0023949977658039635,0.0715124909347
447,45,0.015660925925925925,0.018646296296298888,-0.002910099779021248,0.03698537721867116
448,45,0.022453703703703705,0.025494444444448445,-0.0028969261723004428,0.12091708908591867
449,45,0.01721537037037037,0.018374074074080444,-0.001088037827470736,0.1092042075643592
450,45,0.02064037037037037,0.026501851851853334,-0.005686268853987679,0.06743600541225737
451,45,0.02100574074074074,0.023181481481490445,-0.00205865059832377,0.06167115495115253
452,45,0.01818777777777778,0.021103703703702445,-0.0027959009106116027,0.09209503301157387
453,45,0.01956351851851852,0.020564814814822665,-0.0008949059063263932,0.12738545602405332
454,45,0.01684333333333333,0.022379629629632223,-0.00537585130352662,0.09941956024537386
455,45,0.017889444444444444,0.02205185185185333,-0.004025413151783152,0.13106038582134089
456,45,0.016382962962962964,0.01904444444444578,-0.0025649193009916996,0.05501982575634191
457,45,0.018407592592592593,0.023301851851855335,-0.004745842188216363,0.07401164430963961
458,45,0.019292777777777777,0.021111111111109332,-0.0017063214059054113,0.047753479092217825
459,45,0.02166074074074074,0.02544074074074289,-0.0036036627694745766,0.11268257225894449
460,45,0.01918833333333333,0.023412962962963333,-0.004085185571908092,0.06277967464995876
461,45,0.020165185185185185,0.024044444444446887,-0.0037328276156535,0.1179589206107071
462,45,0.015678888888888888,0.018014814814815778,-0.0022217802400714692,0.026959486727397466
463,45,0.016955185185185184,0.020255555555561112,-0.0031712032311830064,0.07329205756801244
464,45,0.019250555555555555,0.02136481481481622,-0.0020294783905470274,0.07119714265109778
465,45,0.01943425925925926,0.021681481481483113,-0.0020927190612306844,0.09109853544565476
466,45,0.015048518518518518,0.017955555555554,-0.0027971889298754877,0.07698172527474582
467,45,0.01559037037037037,0.017446296296300668,-0.0017701401979332702,0.13779293949732443
468,45,0.01930574074074074,0.024050000000001334,-0.004591731397775874,0.07545271762582711
469,45,0.020250555555555556,0.02332962962963489,-0.00292255768756668,0.0956299837799432
470,45,0.01675185185185185,0.018459259259262888,-0.001615157050540894,0.08538745318456098
471,45,0.017115555555555554,0.019379629629638444,-0.0021674888650850504,0.15695223365831154
472,45,0.019842407407407406,0.023603703703704446,-0.0036192118253644432,0.0753112657307996
473,45,0.02181851851851852,0.02438888888888867,-0.0023940675514975093,0.14128298684559645
474,45,0.015768703703703705,0.019598148148147556,-0.0037325343126266663,0.12672210668134182
475,45,0.020101851851851853,0.023650000000002887,-0.0034090297225093085,0.09271184923189422
476,45,0.01867537037037037,0.022320370370374,-0.003517024335873284,0.08128733001004097
477,45,0.019494074074074073,0.023253703703707333,-0.003617761597893549,0.08175937303330488
478,45,0.01732351851851852,0.01936851851852022,-0.001939467906063023,0.10400765974657027
479,45,0.017287592592592594,0.020285185185189333,-0.0028902703104336193,0.11358358075985515
480,45,0.021088703703703703,0.022668518518525554,-0.0014941719816342156,0.10269960423141303
481,45,0.01761074074074074,0.023677777777779112,-0.005888582314852461,0.09500826145525822
482,45,0.01561574074074074,0.019948148148147334,-0.004193799780921317,0.10777725155378098
483,45,0.01642574074074074,0.02013703703702822,-0.0036095256894116065,0.04429248821537031
484,45,0.020553333333333333,0.025583333333331112,-0.004844134838950429,0.016416031330028044
485,45,0.021701666666666668,0.024962962962969557,-0.0031501761799719134,0.08146148014289867
486,45,0.017394444444444445,0.02044814814815022,-0.002983531344126036,0.10042147006766222
487,45,0.01829537037037037,0.020814814814817333,-0.002428178307623267,0.1300673480574609
488,45,0.01525537037037037,0.019503703703705112,-0.004141856789873402,0.07499765985160711
489,45,0.01797962962962963,0.01996296296296378,-0.0019046502138090953,0.13516751661770093
490,45,0.01751888888888889,0.02152592592592867,-0.0038833110262222904,0.08861257008462489
491,45,0.02102851851851852,0.024220370370373334,-0.003057351892262488,0.0673939332858636
492,45,0.020668148148148147,0.024492592592591112,-0.00368542176175779,0.0927137293235072
493,45,0.020417777777777778,0.022396296296299332,-0.0018540601931229033,0.09224225531318987
494,45,0.02027574074074074,0.024735185185192667,-0.004315237701298141,0.10445639535868667
495,45,0.020098333333333333,0.02190925925926689,-0.0017404786249641863,0.13390460598220044
496,45,0.01862185185185185,0.022685185185181554,-0.003925667428989484,0.05701102673582987
497,45,0.015455555555555556,0.020950000000003556,-0.0053572846516848965,0.11375411480362
498,45,0.01666796296296296,0.01749074074074311,-0.000767578077134639,0.1431320861158956
499,45,0.018947592592592592,0.02379259259259022,-0.0046976968955267364,0.0769616042379911
500,45,0.016419444444444445,0.020327777777777778,-0.0037966177288743285,0.07483626793040626
501,45,0.01660074074074074,0.02047407407407978,-0.0037472275275899853,0.0999887709686836
502,45,0.020627592592592593,0.023620370370376443,-0.002861755919906899,0.0772880285487672
503,45,0.01889962962962963,0.02428148148148289,-0.005218949244304216,0.05753347334569778
504,45,0.019827407407407408,0.02276851851852511,-0.0028267462433658914,0.12290568019885645
505,45,0.016773703703703704,0.021605555555559333,-0.004691895021908368,0.015544970449757776
506,45,0.017613518518518518,0.02264444444444711,-0.004862099087031573,0.05392876811711422
507,45,0.01723648148148148,0.02267777777778,-0.00529527410422156,0.06821585327610222
508,45,0.017367777777777777,0.01991296296296311,-0.0024636875452726512,0.09459536442277293
509,45,0.020412962962962963,0.023196296296293557,-0.002673868940822996,0.08221184312699333
510,45,0.017268703703703703,0.021268518518515557,-0.003859026083121769,0.08824997822797472
511,45,0.020929814814814814,0.02438888888888889,-0.003306122648872144,0.09096061352593822
512,45,0.019692222222222222,0.023772222222218444,-0.003918415671216666,0.06593183682054578
513,45,0.018003333333333333,0.020848148148148,-0.0027435083150269927,0.12755100577197961
514,45,0.02142185185185185,0.025637037037031112,-0.004073011551326341,0.11974973819877822
515,45,0.016935925925925927,0.019185185185188,-0.002135572231239951,0.08726720406119916
516,45,0.020654074074074075,0.02444444444444889,-0.003671496177346286,0.105624987684676
517,45,0.019894074074074074,0.02259074074074578,-0.002579063913063289,0.1235311353327556
518,45,0.01836314814814815,0.021275925925934,-0.00280231692396692,0.07109214634489378
519,45,0.01793111111111111,0.019892592592597777,-0.00183152280300339,0.0965382689979468
520,45,0.020506296296296297,0.025431481481480667,-0.004743204906585009,0.06515932373432849
521,45,0.022101296296296296,0.025487037037032666,-0.0032290791698100117,0.08891942747073293
522,45,0.01897759259259259,0.023527777777774223,-0.004409126465784145,0.09931448634155156
523,45,0.016691666666666667,0.017925925925917335,-0.001156308144304837,0.09448361377938942
524,45,0.019455925925925925,0.023674074074069334,-0.004075720186563856,0.08754374772112672
525,45,0.01867833333333333,0.021112962962964,-0.002346965146127257,0.1365903713616081
526,45,0.01927148148148148,0.022605555555554668,-0.0032329622478297505,0.063596384265916
527,45,0.01942685185185185,0.022864814814822443,-0.0033137822748652264,0.11781447740526443
528,45,0.016947407407407408,0.019955555555554668,-0.0029006936623810673,0.11954081949009822
529,45,0.01916148148148148,0.02087222222222689,-0.0015998892073006803,0.08612420514488808
530,45,0.018638148148148147,0.023224074074074445,-0.004430289727144516,0.06337137631333031
531,45,0.017305,0.019911111111117777,-0.0024779086541139423,0.08519076261528373
532,45,0.016315925925925925,0.019170370370372888,-0.002743594350391095,0.07317632920035164
533,45,0.02094388888888889,0.026035185185186445,-0.0049080015939444175,0.11701829173080533
534,45,0.018949444444444446,0.022311111111117776,-0.003209802699971186,0.06951162114980894
535,45,0.023329074074074075,0.02727037037036889,-0.0037837031614516904,0.07531881002494978
536,45,0.016089074074074075,0.02018888888888511,-0.004001036588277805,0.08176703568009333
537,45,0.01991037037037037,0.02196296296296978,-0.0019187460204849799,0.0740203053294032
538,45,0.01851351851851852,0.022677777777778,-0.004028761317730847,0.06068243475450626
539,45,0.01975277777777778,0.0224925925926,-0.002662524848030554,0.08054921412725555
540,45,0.015413148148148148,0.020670370370367556,-0.005128570783639638,0.08177090255380311
541,45,0.01926037037037037,0.021446296296294,-0.002068673669351797,0.13603293401360184
542,45,0.015806296296296297,0.018674074074082222,-0.002783603619889198,0.01789057766491164
543,45,0.017663333333333333,0.021922222222218443,-0.004105970721992868,0.1006216474382521
544,45,0.01957648148148148,0.022483333333337335,-0.0028105224461966245,0.06493319913333377
545,45,0.019641296296296296,0.024359259259261776,-0.004565809234048186,0.08148116406962444
546,45,0.021398888888888887,0.026559259259259334,-0.004968680887831289,0.10225937880562666
547,45,0.017525555555555555,0.02027407407407111,-0.0026471130431229284,0.0768643226100396
548,45,0.021327962962962962,0.023981481481485555,-0.002521725436731148,0.11811697321620222
549,45,0.02104537037037037,0.024781481481480665,-0.003589250560607277,0.09589161318428137
550,45,0.02075,0.02457592592592089,-0.003681928117698694,0.0957964640856911
551,45,0.01897333333333333,0.022433333333331557,-0.0033062442769237715,0.038423490109054395
552,45,0.01827962962962963,0.018940740740741556,-0.0005671966444831206,0.11201939875381209
553,45,0.01982148148148148,0.019557407407408,0.0003441118883066085,0.09882298975581254
554,45,0.02237574074074074,0.02559074074073978,-0.003064020660658631,0.0772834184029996
555,45,0.02381537037037037,0.028011111111108,-0.00401988694930584,0.08702395797929555
556,45,0.01970388888888889,0.02151111111111022,-0.0017192357202680789,0.08208246471142626
557,45,0.01873574074074074,0.020538888888885335,-0.0017060285461759886,0.08132885184284805
558,45,0.016842407407407407,0.019881481481483332,-0.0029213147415129027,0.09039503777583205
559,45,0.022235925925925926,0.024946296296293555,-0.0025791012022313114,0.060386176810800135
560,45,0.019451851851851852,0.023227777777780668,-0.003600198448138449,0.10775868778161822
561,45,0.018709629629629628,0.021598148148146222,-0.0027724906803742325,0.03943192198993164
562,45,0.01575,0.01969629629630222,-0.003845300207155125,0.09074073130648627
563,45,0.02011111111111111,0.02190740740740511,-0.001660760557441216,0.0791724113426036
564,45,0.01824074074074074,0.02093518518519622,-0.002554242521734003,0.10747294658631164
565,45,0.018525555555555556,0.021355555555553112,-0.0027274625908851116,0.11589802992085645
566,45,0.015259444444444444,0.02033888888889689,-0.00495319860668492,0.08214077708487738
567,45,0.020474259259259258,0.02278703703704178,-0.0021827930947382113,0.10821841208961377
568,45,0.017226296296296295,0.02024629629630022,-0.0029177134954504764,0.11165187449814044
569,45,0.019206666666666667,0.01956296296295911,-0.00025925327886446367,0.14710026348870492
570,45,0.01813574074074074,0.023722222222219556,-0.0054319816332881665,0.07457925988071111
571,45,0.016382037037037035,0.021051851851860887,-0.004564256491961707,0.08976504943092849
572,45,0.016554259259259258,0.020027777777788445,-0.003359260976633095,0.09273329487148183
573,45,0.017961296296296295,0.02075555555555378,-0.0026930175141660997,0.12780551134091253
574,45,0.016071111111111112,0.018635185185185334,-0.002460108011156572,0.09475039425219663
575,45,0.01695296296296296,0.01851851851851622,-0.001498979461578097,0.09799178687633738
576,45,0.01908925925925926,0.02019259259258889,-0.001019807449143823,0.07971795708103072
577,45,0.021026481481481483,0.0257962962963,-0.00458818322042172,0.08166465142243823
578,45,0.014758518518518518,0.01787407407408178,-0.0030232157377854734,0.08976938670279111
579,45,0.017098703703703703,0.019381481481481555,-0.0021873908893004545,0.09440472538799778
580,45,0.017382037037037036,0.022362962962963112,-0.004837739012002714,0.07682722010309823
581,45,0.018645185185185185,0.02229074074074111,-0.003516639469415144,0.03154638666064364
582,45,0.018077407407407407,0.021481481481483555,-0.003280007925623132,0.11398332721347613
583,45,0.018660925925925925,0.022968518518525334,-0.004153352277271831,0.12506953966349643
584,45,0.01726759259259259,0.021903703703703332,-0.004500093550872641,0.10169444937739555
585,45,0.01743851851851852,0.020894444444443112,-0.0033429488803163186,0.10981596196112405
586,45,0.01953685185185185,0.023325925925928446,-0.0036454582542956183,0.07801493208749821
587,45,0.01995685185185185,0.02162407407407111,-0.0015946637051715692,0.09532577880217823
588,45,0.018243703703703703,0.021996296296291556,-0.0036318449579308028,0.07299686732927071
589,45,0.018515925925925925,0.020151851851855335,-0.0015218414963101142,0.13275562934139112
590,45,0.020682407407407406,0.024107407407407334,-0.0032920055632392926,0.08301736457541294
591,45,0.018848518518518518,0.020561111111122223,-0.0016377955772529996,0.1298526585229302
592,45,0.019037407407407406,0.01976481481481311,-0.0006455881701093199,0.120810871313676
593,45,0.01797685185185185,0.01940370370371,-0.0013855182588531554,0.14884515645188445
594,45,0.02027462962962963,0.02257407407407689,-0.002179053188129079,0.09923168702452488
595,45,0.02284037037037037,0.025190740740738668,-0.0022063215259898465,0.07136105201411823
596,45,0.020731296296296296,0.024209259259262223,-0.0033597558124616846,0.07471017644888449
597,45,0.020757962962962964,0.02612962962962889,-0.005186682177565589,0.10147532391179377
598,45,0.01936537037037037,0.022837037037030446,-0.003348199657425188,0.12134928181284405
599,45,0.019034444444444444,0.02160185185185578,-0.0024566459663860397,0.09414348104503249
600,45,0.01407,0.018785185185190224,-0.004602261786716803,0.05828185528481289
601,45,0.016679074074074075,0.02094814814814889,-0.004170272591491384,0.12779456235476444
602,45,0.017824444444444445,0.02179259259258822,-0.0038442347946067526,0.0522168742441752
603,45,0.020982962962962964,0.023527777777774223,-0.002431030477402814,0.08517708074068138
604,45,0.020529259259259258,0.023909259259258443,-0.0032226850570396103,0.05899692247046049
605,45,0.019203703703703702,0.022687037037042224,-0.0033684490642481874,0.1228111028402236
606,45,0.01978148148148148,0.021170370370372,-0.0012951907646178743,0.07887606400357164
607,45,0.01676074074074074,0.02039444444444289,-0.003539609470311062,0.08336103446703516
608,45,0.015441666666666666,0.019105555555558665,-0.0035473255836670136,0.10453093894392809
609,45,0.019693703703703703,0.024235185185184444,-0.0043914320263756116,0.055293839284928044
610,45,0.02097685185185185,0.023922222222228888,-0.002847100930418171,0.07491947268368489
611,45,0.02038111111111111,0.020268518518517332,0.00020406858236473715,0.13991521601158405
612,45,0.016752962962962963,0.019055555555557113,-0.0022042518861874645,0.13666542699893738
613,45,0.01692925925925926,0.019905555555553112,-0.002884488515246875,0.10495368772846227
614,45,0.01841074074074074,0.02063518518519,-0.002142871954026192,0.14382314555823555
615,45,0.01621685185185185,0.01875555555556311,-0.0024429380246852707,0.061936567954204574
616,45,0.01953648148148148,0.024905555555560666,-0.005211348815754957,0.09619550907995245
617,45,0.017532592592592593,0.022512962962966666,-0.004844983921397591,0.06861807328368405
618,45,0.020617037037037038,0.02200925925926311,-0.0012970978074333648,0.0785659934440472
619,45,0.01947574074074074,0.022174074074072,-0.0025893980864418816,0.08211591845646364
620,45,0.017898703703703705,0.021133333333330666,-0.003103378030885204,0.0635329490149335
621,45,0.017186851851851852,0.01912222222222778,-0.0018423302979836509,0.094005237029832
622,45,0.014629074074074074,0.01780740740741089,-0.003078951461505122,0.07252115652087693
623,45,0.01894259259259259,0.022768518518509556,-0.0037087086881921897,0.10425420316828267
624,45,0.016592962962962962,0.021185185185187555,-0.004465724819330812,0.07754992938833155
625,45,0.015750925925925925,0.01638333333333533,-0.0005632577227138046,0.1344187214480325
626,45,0.022747592592592594,0.024579629629625333,-0.0016909243406046492,0.03688197773755391
627,45,0.01901,0.021405555555553554,-0.0023145124547434017,0.0860518168345547
628,45,0.015283703703703704,0.018346296296292666,-0.0029661621947917795,0.07307229975713915
629,45,0.020045185185185183,0.023244444444440224,-0.003091051378972375,0.017131012107386268
630,45,0.020754814814814813,0.024320370370372445,-0.0034582978289358596,0.0757337717828756
631,45,0.018645555555555554,0.021012962962960666,-0.0022579422229815705,0.11981472830898943
632,45,0.019559814814814815,0.023903703703699777,-0.004214384366906283,0.08062804766935555
633,45,0.01938888888888889,0.022794444444440665,-0.0032819871282884785,0.035729700387892936
634,45,0.018616666666666667,0.020722222222221334,-0.002011036844842113,0.09662842630766724
635,45,0.018457222222222222,0.02093703703703689,-0.0023679507965095226,0.07555804830842404
636,45,0.020543333333333334,0.02223703703703889,-0.0016095841764644575,0.1122610183443347
637,45,0.020302962962962964,0.02591851851852311,-0.0054401091787241035,0.10088663573806267
638,45,0.01899851851851852,0.02116481481481111,-0.0020640405885269707,0.058403572896019156
639,45,0.01692425925925926,0.021424074074077332,-0.004371496790634542,0.09988686911634623
640,45,0.015279629629629629,0.02023703703704067,-0.004847466482145281,0.09635551949727555
641,45,0.014884814814814814,0.016425925925932443,-0.001499391901478591,0.0908595398564836
642,45,0.019142962962962962,0.020318518518525112,-0.0010942114328957888,0.08990626318873204
643,45,0.019524074074074076,0.02357962962963422,-0.0039329955890900405,0.09971546367274312
644,45,0.017950185185185184,0.022192592592593777,-0.004108448468380225,0.12408144902602444
645,45,0.01569833333333333,0.018018518518518444,-0.0022265270842376605,0.08725980558451832
646,45,0.018480740740740742,0.02243518518518889,-0.0037840569390955566,0.09179945786185294
647,45,0.01467962962962963,0.017322222222232,-0.0025658342445837447,0.09349686187545693
648,45,0.02066574074074074,0.022183333333327556,-0.0014216907090664982,0.0795890344130867
649,45,0.015604814814814814,0.018224074074077112,-0.002528194805097117,0.0991952132698196
650,45,0.017323148148148147,0.020405555555555555,-0.002960811840826283,0.06960982136741915
651,45,0.016083703703703704,0.021670370370376224,-0.005452639241409307,0.07278964728201422
652,45,0.019683148148148148,0.019948148148145335,-0.00014521613012169352,0.1439473860301996
653,45,0.022937962962962962,0.027181481481482223,-0.004064815379988171,0.12083747855018849
654,45,0.019283333333333333,0.023481481481478446,-0.004033240283774366,0.014372556726125866
655,45,0.019605555555555557,0.023551851851849333,-0.003809575511190302,0.053214144643310715
656,45,0.019057037037037036,0.022544444444450445,-0.003367799131301457,0.07696283244504
657,45,0.017488703703703704,0.02120185185185778,-0.0035817944024974795,0.10312472352844222
658,45,0.016384444444444445,0.018868518518517778,-0.002377882648112912,0.11044943014039822
659,45,0.018792962962962963,0.022216666666668224,-0.003310070143379673,0.09011928170488583
660,45,0.01755851851851852,0.020694444444445556,-0.0030355670498599936,0.10006678596241071
661,45,0.018878703703703703,0.020409259259258888,-0.0014181468097694506,0.10506905773534804
662,45,0.01822185185185185,0.023962962962958665,-0.0055970714497075875,0.03784406147860711
663,45,0.018364814814814813,0.020514814814812,-0.002059467966296238,0.09381502921085293
664,45,0.018362592592592594,0.021861111111112,-0.00336002769596202,0.10541179216822627
665,45,0.018209444444444445,0.021322222222218,-0.003002846575263038,0.0983025085067868
666,45,0.017036296296296296,0.020740740740739335,-0.0035720821740563963,0.1007103193599956
667,45,0.01839611111111111,0.020179629629637333,-0.0016925968303214602,0.10541039842428943
668,45,0.022595555555555556,0.026485185185180667,-0.003743679785540806,0.05950441049782755
669,45,0.01591074074074074,0.02067037037037711,-0.004642681314763999,0.09695050635412755
670,45,0.019053888888888888,0.021229629629634223,-0.002087206439451545,0.10528007690180934
671,45,0.015826851851851852,0.016975925925930665,-0.001076909787949244,0.09312694672998457
672,45,0.01720814814814815,0.019596296296297333,-0.0022659749508894514,0.11110676195667346
673,45,0.017973333333333334,0.020412962962959778,-0.002359193065604844,0.1304581492345596
674,45,0.015868888888888887,0.017646296296295334,-0.0016984316292252893,0.13506149575809692
675,45,0.018114444444444443,0.019201851851855332,-0.0010029674409483436,0.10375890627197391
676,45,0.016470925925925927,0.020127777777787334,-0.0035454638232716874,0.09284592058073027
677,45,0.016235185185185186,0.020927777777778888,-0.0045559943445846315,0.09162134240638667
678,45,0.018974444444444443,0.02224074074074289,-0.003181376184336587,0.06926662093543244
679,45,0.016626666666666668,0.022607407407407555,-0.005814304304785097,0.042637843080400445
680,45,0.018562222222222223,0.02016111111111578,-0.0015090125231734981,0.11293966185105778
681,45,0.014908148148148148,0.016622222222223777,-0.0016418336742892183,0.1318707731870583
682,45,0.01612925925925926,0.01809259259258689,-0.0018607122059808622,0.0964685763167881
683,45,0.018199074074074072,0.022899999999998224,-0.004558624674199649,0.06649477606865199
684,45,0.018948333333333334,0.021840740740739332,-0.002799093851195574,0.09610665319400934
685,45,0.01779722222222222,0.021211111111115778,-0.003293474238115151,0.10042660685306493
686,45,0.014441481481481482,0.018501851851856443,-0.003962262001922719,0.12294208984911338
687,45,0.015360185185185185,0.016940740740741554,-0.0015328761926795098,0.06613310229915471
688,45,0.015484444444444445,0.019555555555551333,-0.003950326457794868,0.07371752220750712
689,45,0.017037407407407407,0.018296296296297778,-0.001169076732403054,0.05782947544417698
690,45,0.022072777777777778,0.02476481481481778,-0.0025726890224462705,0.07562409167691556
691,45,0.01842351851851852,0.021627777777776445,-0.003076484933853781,0.09380160320665432
692,45,0.015661666666666667,0.019051851851856667,-0.003309799490674712,0.08025004856565782
693,45,0.01924185185185185,0.021300000000001332,-0.0019345477829280236,0.13356186408231385
694,45,0.01317611111111111,0.01890000000000378,-0.005583134310504308,0.051241049126146354
695,45,0.01782425925925926,0.02113148148148422,-0.003148223040681144,0.09212495808647378
696,45,0.016949074074074075,0.021227777777785777,-0.004159327566680542,0.06345413901275249
697,45,0.018333148148148147,0.02164074074074022,-0.0031838777596562063,0.09907939035774191
698,45,0.022054999999999998,0.023151851851856666,-0.0009876119885401306,0.11660369488252764
699,45,0.015470925925925926,0.017953703703710223,-0.0024050396179270874,0.12033048002808099
700,45,0.01961,0.022529629629632446,-0.0027995201815866405,0.09267564305210671
701,45,0.021345925925925924,0.022185185185186446,-0.0007420297938946361,0.046890095719497066
702,45,0.017787592592592594,0.020998148148142444,-0.0030955303651272513,0.030020632909264888
703,45,0.016786296296296296,0.018951851851851113,-0.0020825266895142993,0.08149008201326577
704,45,0.018836481481481482,0.021394444444437777,-0.0024421335972417964,0.13176889233536804
705,45,0.017079814814814815,0.018466666666667554,-0.0013034113355447883,0.12514160092955337
706,45,0.018909814814814813,0.022488888888885554,-0.0034579855566831915,0.08981281317080582
707,45,0.01926574074074074,0.023092592592592224,-0.003701665496397011,0.13497074973244044
708,45,0.01675574074074074,0.01975000000000289,-0.0028673825446437324,0.10874140426298805
709,45,0.018794074074074074,0.021974074074071776,-0.0030662315614361207,0.06161333923885386
710,45,0.01743314814814815,0.020948148148151113,-0.0034012059748275815,0.05800196467048844
711,45,0.019362777777777777,0.022535185185187333,-0.0030622317366425437,0.06005604749177516
712,45,0.01903777777777778,0.022977777777784446,-0.0037928663277311727,0.0711250877381071
713,45,0.01637814814814815,0.021183333333336,-0.004672370737756378,0.08977936950423555
714,45,0.01946462962962963,0.022655555555551557,-0.0030520919897459938,0.09675960548513378
715,45,0.019038518518518517,0.022411111111116443,-0.003247548239627158,0.09928425287672804
716,45,0.01963648148148148,0.021914814814807778,-0.002175131354596396,0.09141507192295831
717,45,0.015446296296296297,0.01662962962963489,-0.0011057448302564745,0.10479874989262902
718,45,0.019010370370370372,0.019792592592587335,-0.0007115384264936841,0.0857972075555147
719,45,0.017372407407407406,0.019418518518524,-0.001939475622375106,0.1407020991153232
720,45,0.017047407407407407,0.020735185185186,-0.003570452644870513,0.09551094239347738
721,45,0.016568333333333334,0.020183333333340887,-0.003491711473432588,0.12358903134371332
722,45,0.01433611111111111,0.019050000000000223,-0.004595391762065352,0.06875639331003555
723,45,0.02047888888888889,0.02363703703703489,-0.003057549180541167,0.08568116059964488
724,45,0.019168333333333332,0.02202777777777111,-0.0027333675505893966,0.07763666098217387
725,45,0.018032407407407407,0.019401851851857776,-0.0013018757743826967,0.12005603281910626
726,45,0.021062407407407408,0.02386481481481289,-0.0026770470560632123,0.08660575243129026
727,45,0.022229259259259258,0.027038888888892,-0.0046518610776333695,0.10717948284343777
728,45,0.01946351851851852,0.021374074074071776,-0.001801897307924759,0.0902907254274028
729,45,0.014672962962962962,0.016953703703704,-0.002202238467035997,0.11468791956750223
730,45,0.01828611111111111,0.021877777777774443,-0.00345552765964843,0.08801586146766106
731,45,0.01845111111111111,0.022459259259262666,-0.0038944554565997656,0.09228143660531112
732,45,0.018830925925925925,0.02329629629629289,-0.004322452380005395,0.09148793020993555
733,45,0.017991851851851853,0.021112962962969554,-0.0030162234909598116,0.12088985588101249
734,45,0.018539074074074072,0.021711111111112,-0.0030683772445942977,0.05821866749023164
735,45,0.021458333333333333,0.026274074074069554,-0.004655247882701009,0.12175227066667556
736,45,0.01588777777777778,0.018977777777781334,-0.0030013054320938235,0.10586059478307688
737,45,0.015812407407407407,0.018987037037029333,-0.0030965825289714206,0.10460350292241823
738,45,0.01613111111111111,0.019951851851854,-0.0037082560385560087,0.0766482055133232
739,45,0.017561296296296297,0.021849999999997777,-0.004152716939992038,0.10022296523698489
740,45,0.020239444444444445,0.023853703703706666,-0.00346271123188245,0.07519865530757071
741,45,0.020127222222222223,0.02350740740741022,-0.0032399776244537134,0.0717362796174307
742,45,0.020106296296296296,0.023374074074070668,-0.003162648259227279,0.09034986057955915
743,45,0.017123333333333334,0.022829629629625335,-0.005548207193744495,0.06570001192738849
744,45,0.01714,0.018122222222222,-0.0008753664944328696,0.14256783784810803
745,45,0.01652962962962963,0.01979814814815378,-0.0031779848768118384,0.11999014230925867
746,45,0.018636851851851852,0.021246296296302,-0.0024536321258719963,0.12664496145438223
747,45,0.020135,0.02340370370370978,-0.0031356281768458553,0.07129120758443525
748,45,0.017979814814814813,0.020996296296294667,-0.0029026043193593216,0.07676101556585471
749,45,0.01566703703703704,0.020350000000000888,-0.004563292384541895,0.08480138194561467
750,45,0.020167407407407408,0.02283518518518733,-0.0025586146589320273,0.09501299124617422
751,45,0.016570185185185184,0.01895185185185178,-0.002294961547059815,0.08650331257712222
752,45,0.019839444444444444,0.024674074074074223,-0.004676202508452521,0.06384104055312587
753,45,0.01844740740740741,0.02143333333333489,-0.0028670994051443652,0.06950176174542894
754,45,0.021324259259259258,0.024724074074072445,-0.003259105044971274,0.054617636362659996
755,45,0.016553333333333333,0.019457407407407333,-0.0027883453896214295,0.08340552779013599
756,45,0.020567407407407406,0.022505555555559335,-0.0018358005658548715,0.0731862472771872
757,45,0.020112777777777778,0.023588888888890446,-0.003357379624001,0.07745675041318226
758,45,0.02535888888888889,0.028420370370372667,-0.0029159724040506447,0.11088454146402138
759,45,0.018921851851851853,0.021066666666671334,-0.0020483379755444403,0.11144405068132107
760,45,0.020342407407407406,0.023598148148146446,-0.003130641691544008,0.05970984446132671
761,45,0.018803888888888887,0.022901851851857332,-0.003965456616738959,0.10534992326355377
762,45,0.01724,0.022264814814824445,-0.004885494679227846,0.09467365593909294
763,45,0.01770759259259259,0.02385185185185622,-0.005954693092199872,0.09707739817999426
764,45,0.015315,0.02046296296297111,-0.005020307072641931,0.08456115638049867
765,45,0.01998166666666667,0.021138888888885335,-0.0010240769675746225,0.08648353872121346
766,45,0.019479444444444445,0.021437037037038222,-0.0018592304987307229,0.09773614936916404
767,45,0.015695185185185184,0.018299999999997554,-0.0025102106002860103,0.0898437202936711
768,45,0.018393703703703704,0.021781481481484444,-0.0032902528873165124,0.12958453573741294
769,45,0.01602425925925926,0.019535185185189333,-0.0034141553609191157,0.10340080214728134
770,45,0.014974814814814816,0.021588888888898445,-0.006453948689219932,0.010351881978862665
771,45,0.01868037037037037,0.021116666666667335,-0.002365229356194237,0.07121632945820934
772,45,0.019341851851851853,0.020511111111114,-0.0011092499881304428,0.09259484720242182
773,45,0.018338518518518518,0.02246666666666511,-0.004004243359077339,0.08068487338351156
774,45,0.020942222222222223,0.022477777777783557,-0.0014435882281785507,0.12652589426685734
775,45,0.021600555555555557,0.022690740740736667,-0.000990125352281468,0.06905185212442151
776,45,0.018902407407407406,0.023659259259261555,-0.004603627534616324,0.11316903081412666
777,45,0.01693537037037037,0.018172222222226,-0.0011386431657752721,0.07531831225440289
778,45,0.017562962962962964,0.021962962962966667,-0.004283152327429645,0.08357259497847783
779,45,0.017957407407407408,0.024475925925930224,-0.006333508265843952,0.049083005949460884
780,45,0.018942962962962964,0.019550000000003554,-0.0005363468194674271,0.09932569052896534
781,45,0.016086851851851852,0.018985185185182888,-0.0028101500968399336,0.0757502949190872
782,45,0.023086481481481482,0.02588703703704222,-0.002650936546000393,0.1092962705206436
783,45,0.017292037037037036,0.019505555555547557,-0.0021392788941004383,0.121782135402276
784,45,0.015976666666666667,0.020611111111114,-0.0045199276136416115,0.09642130066947377
785,45,0.020363148148148148,0.021933333333334446,-0.0014842989758732524,0.13091576545847786
786,45,0.015292222222222223,0.02084444444444311,-0.005409363723896295,0.020415684479264045
787,45,0.01744277777777778,0.022014814814812666,-0.004423354992239436,0.06971438277702627
788,45,0.019054814814814816,0.020488888888890444,-0.0013474261025934926,0.11879259392723693
789,45,0.017465555555555557,0.020922222222224444,-0.00332656067460684,0.11241357497011875
790,45,0.019695185185185184,0.022270370370371554,-0.002437584485541364,0.08227122677948533
791,45,0.017820555555555555,0.019770370370372443,-0.0018649385626483008,0.07420867340356542
792,45,0.018654814814814815,0.021092592592594224,-0.0023242612605545387,0.07707928902396849
793,45,0.02028648148148148,0.022211111111112,-0.0018050566884623266,0.08775130635384
794,45,0.020326666666666666,0.022881481481478,-0.002461064009890141,0.09642461333088805
795,45,0.01761611111111111,0.021570370370374223,-0.003825612704848622,0.10745939733569781
796,45,0.016437592592592594,0.018038888888887113,-0.0015187178612931296,0.11225190317313916
797,45,0.019307962962962964,0.018438888888888668,0.0009710500150215005,0.07247689193574142
798,45,0.02144148148148148,0.024783333333338,-0.003206295623988652,0.08312525594457693
799,45,0.020499074074074072,0.022081481481478666,-0.0014980734266012011,0.16566700316637026
800,45,0.014589074074074074,0.017888888888896445,-0.0032170093530917636,0.08889372528443293
801,45,0.01864611111111111,0.02235370370370111,-0.00354942799759985,0.06444536750504498
802,45,0.018899259259259258,0.019724074074076888,-0.000742608333687336,0.14067519430128406
803,45,0.019420925925925925,0.02188888888888889,-0.0023363049907370505,0.10964866414080848
804,45,0.02150388888888889,0.025724074074077334,-0.004051179402514757,0.09946725449305693
805,45,0.015577222222222221,0.01932777777778,-0.003621692658462007,0.053661443685448486
806,45,0.017440185185185184,0.02135000000000222,-0.003787904327660533,0.102281424171072
807,45,0.01825685185185185,0.023166666666670443,-0.004781568345445257,0.08715151735331027
808,45,0.018032222222222224,0.021503703703701332,-0.003325672248591559,0.06790884925280542
809,45,0.017775555555555555,0.020064814814822446,-0.0021567552844833013,0.11813705719459697
810,45,0.017068148148148148,0.019125925925928888,-0.0019644122632318985,0.12977495453801027
811,45,0.016710185185185186,0.019933333333322888,-0.0031144706558991425,0.12244709532431026
812,45,0.01849814814814815,0.020699999999995777,-0.002092306526855641,0.10684908580537168
813,45,0.022817962962962964,0.024220370370372224,-0.0013067493929224622,0.11089822425776413
814,45,0.02106074074074074,0.022044444444445113,-0.0008846657408215799,0.12901706811891556
815,45,0.017845,0.021774074074072444,-0.003820937750798069,0.08324668805071955
816,45,0.017853703703703705,0.023907407407402444,-0.005878718330407712,0.07517537064879333
817,45,0.017175925925925924,0.019557407407413557,-0.0022717178003009244,0.14112805737288137
818,45,0.019301481481481482,0.022294444444446,-0.0028896241959048582,0.130522496180044
819,45,0.02157925925925926,0.02410925925926289,-0.002410805711003615,0.10278470140745782
820,45,0.019024444444444445,0.022724074074074445,-0.0035680109113514578,0.10850695510690311
821,45,0.020349259259259258,0.024018518518526443,-0.0035319842328298346,0.07535274443142
822,45,0.019442222222222222,0.021105555555558,-0.0015267617755782472,0.11065461817330413
823,45,0.018774444444444444,0.021683333333339334,-0.002741932039635042,0.11948274655260978
824,45,0.019239259259259258,0.020485185185193332,-0.0011355029427854429,0.036079898046644666
825,45,0.019814444444444444,0.022127777777778888,-0.0022091792316128716,0.13509174787191874
826,45,0.015276666666666666,0.020135185185184,-0.0047235746842156845,0.07541047227910888
827,45,0.020269259259259258,0.023994444444444,-0.003578171438757933,0.11783473912427737
828,45,0.014826481481481482,0.017175925925928,-0.0022476234454835587,0.10071477699077916
829,45,0.02102277777777778,0.024077777777781556,-0.0028844431656423514,0.08488180705866627
830,45,0.021126296296296296,0.02282037037037089,-0.0016071164975757274,0.09723857214442666
831,45,0.01947185185185185,0.02379629629629711,-0.004197600918996177,0.06751404227097027
832,45,0.01839185185185185,0.020372222222219776,-0.0018779371697967815,0.06919283397575915
833,45,0.01802759259259259,0.022192592592588666,-0.004051101334590642,0.08259265885637777
834,45,0.018944259259259258,0.02007592592592689,-0.0010496367485838636,0.12420668039060444
835,45,0.016972222222222222,0.019912962962966,-0.0028103858833450467,0.0768690712479944
836,45,0.018177407407407406,0.017909259259262445,0.0003077855588440956,0.1476571639025307
837,45,0.019922592592592592,0.020468518518515333,-0.0004616286685107064,0.08925662561105786
838,45,0.01881611111111111,0.019931481481482,-0.0010295682773632513,0.13374937734657294
839,45,0.018469074074074075,0.02094259259259911,-0.0023782659608477586,0.12337175877309156
840,45,0.02012574074074074,0.023540740740734666,-0.0033021288461559397,0.10211948541833782
841,45,0.02017037037037037,0.023264814814811557,-0.002944270995262367,0.07316964896298889
842,45,0.018841666666666666,0.020574074074079334,-0.0016287883321801423,0.10942887352764014
843,45,0.021769444444444445,0.026348148148140224,-0.0044086969480385645,0.02386628983004311
844,45,0.017906296296296295,0.019874074074078665,-0.0018847248772888693,0.13082710485735743
845,45,0.01708759259259259,0.020701851851845334,-0.0035120791468282336,0.07294992879109427
846,45,0.019037222222222223,0.020807407407408666,-0.0016415559666538959,0.08873333371464712
847,45,0.01466,0.01883333333333889,-0.004067793121663467,0.06759781587625159
848,45,0.019195555555555556,0.017890740740736665,0.0013615086472641524,0.13029979532350858
849,45,0.017666296296296298,0.022574074074076446,-0.00476962223838712,0.07474311127770311
850,45,0.019058148148148147,0.02312407407407711,-0.003925767839539139,0.027651905212332087
851,45,0.018718703703703703,0.021975925925924223,-0.003128070080147337,0.09125560576470448
852,45,0.018672962962962964,0.02116666666666978,-0.002403189205785742,0.053146812958342754
853,45,0.018714814814814816,0.022664814814812,-0.003790541454489091,0.049472782810109424
854,45,0.016111666666666666,0.018896296296299332,-0.002686874145443231,0.14785666518833027
855,45,0.01863333333333333,0.0225388888889,-0.003775637947774651,0.10325089441657777
856,45,0.018410185185185186,0.021366666666672668,-0.002835900871865925,0.08843403972729916
857,45,0.01724351851851852,0.02190000000000178,-0.004525899667874615,0.09575189537800222
858,45,0.01760074074074074,0.021481481481494223,-0.003761799474077596,0.1002630698437841
859,45,0.01619148148148148,0.020033333333333334,-0.003720719097099886,0.08631821888818449
860,45,0.01803574074074074,0.021246296296301776,-0.0030901518317028205,0.07122468599482178
861,45,0.01584537037037037,0.016974074074084668,-0.001081062895553443,0.13920653785943915
862,45,0.019053888888888888,0.020214814814820667,-0.0010686087718405647,0.12070039909528626
863,45,0.018465555555555555,0.020599999999999778,-0.0020286676757711674,0.10871036076637915
864,45,0.022806296296296297,0.023333333333336,-0.00043097375761903903,0.09751008207153782
865,45,0.017580185185185185,0.01753148148148111,0.00014784185942838196,0.1292518146864738
866,45,0.020263703703703704,0.022153703703705556,-0.0017672512279196628,0.11806201921113778
867,45,0.01656962962962963,0.022146296296300445,-0.005433619019916189,0.08747007870123244
868,45,0.016465925925925926,0.017540740740746446,-0.0009877497121677193,0.11238751355415383
869,45,0.022026296296296297,0.024062962962965777,-0.0019167660249906928,0.09462296554474849
870,45,0.01847851851851852,0.022646296296299776,-0.004044766171248298,0.10394469426845822
871,45,0.02084962962962963,0.02428333333333911,-0.0032944584546725653,0.04859160365144182
872,45,0.018850925925925927,0.019416666666666,-0.0004577214372511894,0.12527979451817697
873,45,0.01648888888888889,0.019707407407413332,-0.0031192945691686205,0.10922910441319778
874,45,0.017949629629629628,0.019599999999999555,-0.00151943343308102,0.0739003113097596
875,45,0.018777592592592592,0.019903703703702,-0.0010277747153198068,0.14665949091984137
876,45,0.016559814814814815,0.018729629629632222,-0.0020636093550515508,0.09781304979106223
877,45,0.016205,0.01941296296296511,-0.003094689855389454,0.07035258833474627
878,45,0.01925,0.02101111111110889,-0.0016292776087900782,0.0838588221604255
879,45,0.016302962962962964,0.019344444444440667,-0.0029594813013238113,0.04233807774465822
880,45,0.018555185185185185,0.020914814814807333,-0.0022384205271261995,0.08918639850700359
881,45,0.01751851851851852,0.02197592592592733,-0.004303291038531092,0.06408303872642053
882,45,0.017237407407407406,0.021683333333333776,-0.004305390585827292,0.09805664677968044
883,45,0.02112722222222222,0.023761111111110445,-0.0025075067804308914,0.10591516944208045
884,45,0.020594444444444443,0.02097777777777911,-0.00027733639592174194,0.17226254913939026
885,45,0.01780962962962963,0.019438888888885557,-0.0015310054805700308,0.11053034974009253
886,45,0.017948333333333334,0.020929629629630887,-0.002853793988717721,0.038814218696841374
887,45,0.01912314814814815,0.02249814814815711,-0.003270475667099842,0.05151574001342142
888,45,0.017667592592592592,0.020424074074068,-0.002628770196953778,0.0945704304671396
889,45,0.019950925925925924,0.02384629629629689,-0.0037655633606217907,0.07267413398060933
890,45,0.020394814814814814,0.02627222222222,-0.005702598932459144,0.016028843769092443
891,45,0.016679814814814814,0.01761851851851578,-0.0008594541069887304,0.09285991434410236
892,45,0.01783037037037037,0.019924074074078667,-0.0019919290476350746,0.045916781092254846
893,45,0.022871666666666665,0.025068518518525113,-0.0020485196633969515,0.12371991585628445
894,45,0.01967685185185185,0.023551851851858444,-0.003742538450565163,0.10254099957108355
895,45,0.01763277777777778,0.021492592592602444,-0.0037584784515077357,0.10388497630849293
896,45,0.01800648148148148,0.022670370370368,-0.004527317473548822,0.063072791375428
897,45,0.019780925925925924,0.02314444444444689,-0.0032497006865407794,0.08294592956413738
898,45,0.019449814814814816,0.022375925925932665,-0.002823233259313842,0.0806755287818636
899,45,0.021982592592592592,0.02414814814814889,-0.0020431331447969578,0.12565398618314932
900,45,0.017932407407407407,0.02138148148147667,-0.003317079384377782,0.09649399422927293
901,45,0.018408888888888888,0.02160185185185422,-0.0030412838625542573,0.0754912010077232
902,45,0.018751851851851853,0.019816666666666,-0.0010004508342871007,0.05528015790038053
903,45,0.017742407407407408,0.019618518518519333,-0.0017778725734974804,0.0667099483270672
904,45,0.016447407407407407,0.020698148148152667,-0.004135197034997779,0.10345225615271378
905,45,0.016672592592592593,0.019953703703703113,-0.003179575888932636,0.07881933651300849
906,45,0.01661574074074074,0.020275925925925333,-0.003549811421395894,0.08251056218758182
907,45,0.017234629629629628,0.02010370370370311,-0.0027660425104335355,0.14566794936277777
908,45,0.01807648148148148,0.021631481481486445,-0.0034558487998183926,0.0997662804824671
909,45,0.02133,0.023899999999998443,-0.002460837356674866,0.06833784919148764
910,45,0.018864259259259258,0.021350000000001555,-0.0023761369632134426,0.0984077744613383
911,45,0.019153888888888887,0.021014814814817335,-0.001776213830177468,0.10914187283424805
912,45,0.015918148148148147,0.01922777777778822,-0.003215203695749073,0.11913195644057831
913,45,0.016003703703703704,0.015151851851853334,0.0009027342404854884,0.0864630741353504
914,45,0.017410185185185185,0.02046666666666511,-0.002952216541277508,0.07100246594966142
915,45,0.019036666666666667,0.020377777777781332,-0.0012271401978546789,0.11890246910811111
916,45,0.022620925925925926,0.024929629629627557,-0.0022034361898858297,0.10646409357606
917,45,0.018360925925925926,0.021911111111106222,-0.0034283914601549842,0.056743859297993776
918,45,0.01940148148148148,0.022372222222226,-0.002838957060142418,0.09036979377439071
919,45,0.01942,0.02398148148148089,-0.0044038561367706315,0.09703253157347916
920,45,0.02015574074074074,0.02231481481481689,-0.002052363089700145,0.11332822890854138
921,45,0.01854740740740741,0.020200000000000443,-0.0015323310405864223,0.07583314066041302
922,45,0.017455925925925927,0.020107407407401332,-0.002537148855245692,0.11896544589957334
923,45,0.01535074074074074,0.020925925925932,-0.005459192997053959,0.09268339017384222
924,45,0.021679814814814815,0.025722222222225113,-0.0038763333324994672,0.10423010189710089
925,45,0.015545555555555556,0.018200000000007332,-0.0025747783216134947,0.12962807358086806
926,45,0.016544074074074072,0.021581481481478888,-0.004896338743264137,0.06297540867573645
927,45,0.018708333333333334,0.019988888888890666,-0.0011939094489986572,0.11184054199863742
928,45,0.020923888888888888,0.024724074074076223,-0.003629614668270224,0.1427873395255858
929,45,0.015204074074074075,0.018788888888893556,-0.003459827759723508,0.10791495263891386
930,45,0.017866666666666666,0.02031666666667111,-0.0023501681602994557,0.08010420137821302
931,45,0.018235555555555553,0.022605555555564445,-0.004246524132377763,0.07886044143679516
932,45,0.017372407407407406,0.01962222222223111,-0.0021617082728014533,0.06560803724191515
933,45,0.016772407407407406,0.019068518518526888,-0.0022254078450075643,0.11043291774909915
934,45,0.01985814814814815,0.023833333333332665,-0.0038274172153432147,0.05592835960876058
935,45,0.02105537037037037,0.024700000000001554,-0.003481697582807107,0.09978707875340183
936,45,0.018428333333333335,0.020761111111116,-0.0022377482792639465,0.15243395226443554
937,45,0.018314444444444446,0.019642592592597333,-0.001249464981151391,0.0889559459405432
938,45,0.01836462962962963,0.02068148148148,-0.0022101295427189725,0.10495485594601653
939,45,0.017560185185185186,0.019751851851844,-0.0020939667678446226,0.08474578119699525
940,45,0.01887796296296296,0.020609259259266665,-0.0016458743037228891,0.1013932374236183
941,45,0.01905185185185185,0.024122222222225556,-0.004922215185744262,0.006538434777948888
942,45,0.017420555555555554,0.022277777777775554,-0.004721689052043214,0.07479840265257026
943,45,0.019259814814814813,0.022375925925931333,-0.002957640192519969,0.08752256815891524
944,45,0.01871314814814815,0.020855555555558444,-0.0020274773140798543,0.05401570067872053
945,45,0.020636296296296295,0.023698148148149554,-0.00293467147585481,0.1002497968292111
946,45,0.02037833333333333,0.02268333333333711,-0.0021900161646320557,0.12051729447996137
947,45,0.01763722222222222,0.023792592592589777,-0.005972717760423792,0.0585417654761236
948,45,0.02073796296296296,0.022122222222222224,-0.001282612022122636,0.0826363980855032
949,45,0.022446851851851853,0.024670370370369555,-0.0020750316801823316,0.07685155725432542
950,45,0.018695740740740742,0.023453703703709333,-0.004608086886710132,0.079411459982816
951,45,0.018679074074074074,0.02181666666667289,-0.002996976958449513,0.11606168069198004
952,45,0.016380185185185185,0.021403703703703113,-0.004889726526277125,0.0767417881473836
953,45,0.014211851851851852,0.016446296296300445,-0.002139422334999007,0.10470012029894764
954,45,0.018816851851851852,0.02187407407407111,-0.0029357211070185087,0.08295351501676275
955,45,0.019030925925925927,0.021120370370367333,-0.0019795626396362713,0.044108548779400486
956,45,0.020438703703703702,0.022118518518521556,-0.0015611169151532427,0.1284571965286311
957,45,0.019297407407407405,0.02220925925926222,-0.002768219882427123,0.11573618371901524
958,45,0.017610555555555556,0.020059259259264668,-0.002361822866887928,0.05214064130522724
959,45,0.020893333333333333,0.023805555555556888,-0.0027704949012781815,0.087805590884912
960,45,0.014857037037037037,0.018338888888889557,-0.003388592380810386,0.09645323092210627
961,45,0.018988703703703702,0.022814814814810888,-0.0036988523263816716,0.09302383958975116
962,45,0.019187962962962962,0.021107407407401333,-0.0018068264712743304,0.08900076557264858
963,45,0.016595555555555554,0.020396296296299556,-0.0037054626616631935,0.08043757733097422
964,45,0.019527777777777776,0.02300185185184978,-0.0033532635428556285,0.07369070822018764
965,45,0.01999037037037037,0.022057407407409777,-0.0019595545040695297,0.15452821313628848
966,45,0.022040185185185183,0.025570370370369112,-0.0033811267702238954,0.06983837359050142
967,45,0.017482777777777778,0.019098148148149554,-0.0015321213257514577,0.12496045957159645
968,45,0.017092407407407407,0.021135185185189555,-0.003929470184454965,0.10643537835912889
969,45,0.014972777777777778,0.015733333333331333,-0.0006968873929224184,0.13367895009209155
970,45,0.020641481481481483,0.023716666666664,-0.002919299832319607,0.08697308598672977
971,45,0.018827407407407407,0.021857407407408668,-0.002936821802365077,0.07956450049828533
972,45,0.018079814814814816,0.020518518518519335,-0.0023478854967487754,0.07714145983207697
973,45,0.01872037037037037,0.023079629629631334,-0.004200214109271304,0.08618914901880934
974,45,0.019222037037037037,0.02070555555556222,-0.0013828553735798499,0.07922268438983386
975,45,0.018255925925925925,0.02083148148147889,-0.0024491150290834067,0.08952478325787916
976,45,0.021446296296296297,0.025155555555556222,-0.0035477877459431217,0.08142689405384676
977,45,0.01520962962962963,0.01868333333333689,-0.0033918947751236644,0.07572609165338488
978,45,0.017726666666666665,0.023077777777781555,-0.00520911835315927,0.10345909034380044
979,45,0.019174444444444445,0.021335185185188222,-0.00202532686151294,0.12543514435008626
980,45,0.02192351851851852,0.025875925925927332,-0.0038101669722451167,0.03499635702963826
981,45,0.019337777777777777,0.023277777777781557,-0.003841707824154741,0.07600840847708888
982,45,0.021641851851851853,0.022837037037036222,-0.0010803516759141745,0.0998913422019267
983,45,0.017189814814814814,0.02045740740741467,-0.003129748536081347,0.08179692346087027
984,45,0.022882777777777776,0.026429629629632665,-0.0033958771608427973,0.05653592227787915
985,45,0.01656222222222222,0.01799074074073689,-0.0013342930936579888,0.10635388235256671
986,45,0.013655,0.016644444444448,-0.002864937174262251,0.1265304131386836
987,45,0.020655555555555555,0.022835185185184667,-0.002041405323648873,0.061969375060289864
988,45,0.018635185185185185,0.021287037037044224,-0.0025411574293126337,0.075320227958176
989,45,0.02181574074074074,0.02542222222222778,-0.0034439452002530697,0.08423201460394804
990,45,0.01930037037037037,0.020298148148152444,-0.0009128228755900839,0.10010239255365071
991,45,0.016894259259259258,0.021294444444453334,-0.004283833115679791,0.07721870420820355
992,45,0.018962592592592593,0.021270370370369555,-0.002186600902642219,0.05807432117712364
993,45,0.020360185185185186,0.02318888888888467,-0.0026807768674997606,0.09516991775505644
994,45,0.019597592592592594,0.023037037037040443,-0.003320055221239233,0.08565299316503476
995,45,0.018783703703703702,0.021250000000000224,-0.002374054588544191,0.07557117828145027
996,45,0.01540037037037037,0.019016666666669554,-0.003511980608988326,0.10462732735590533
997,45,0.01919259259259259,0.023468518518518444,-0.00412211851390158,0.05291344337630444
998,45,0.015602962962962963,0.019987037037045113,-0.004262138262094995,0.07715368369672711
999,45,0.018171296296296297,0.02034629629630089,-0.0020633872997864763,0.08916511172843737
1000,45,0.017793703703703704,0.02184259259259422,-0.003919584083140055,0.09170056414811333
1001,45,0.011704629629629629,0.015029629629630444,-0.0032407835860823173,0.13609586213500222
1002,45,0.019207407407407406,0.021599999999997555,-0.0022936277815894454,0.10127386594744449
1003,45,0.017554444444444445,0.019894444444441335,-0.0022355757962957586,0.061728795248198756
1004,45,0.015042407407407407,0.016522222222223777,-0.0014016487639681946,0.08239570039661169
1005,45,0.01742,0.020138888888889556,-0.0025718379165544053,0.13306201029174222
1006,45,0.018279074074074073,0.019716666666667777,-0.0013457575217861667,0.09198158575628404
1007,45,0.018176296296296298,0.022325925925930443,-0.004022672202610433,0.0825368936568996
1008,45,0.014381666666666666,0.015937037037037555,-0.001465787124772845,0.10171411419633208
1009,45,0.02231296296296296,0.024703703703702888,-0.002253261613644174,0.09550329460808182
1010,45,0.016651296296296296,0.019224074074073335,-0.0024830575101764045,0.09498697183121071
1011,45,0.01665037037037037,0.019340740740749998,-0.00258628344937748,0.07025717423424221
1012,45,0.019285,0.022351851851850443,-0.002948333989232828,0.08603316848156542
1013,45,0.019892407407407407,0.020800000000001557,-0.0008098366807607831,0.055851467694039196
1014,45,0.01919925925925926,0.021679629629634,-0.002361016675376547,0.13531324310440138
1015,45,0.016662777777777776,0.019614814814816445,-0.002862246955369121,0.11896701420423737
1016,45,0.019723888888888888,0.02385185185185289,-0.004001736476145913,0.07341429065824182
1017,45,0.02031611111111111,0.02565185185185111,-0.005162776645455687,0.058846646148095996
1018,45,0.018108703703703703,0.019855555555554,-0.0016499131541992031,0.0691040249706956
1019,45,0.01535925925925926,0.017542592592593335,-0.0020824764367189694,0.06687057490268013
1020,45,0.018242222222222222,0.02028333333333289,-0.0018987383435715463,0.08273997615550911
1021,45,0.018385,0.023325925925934222,-0.004785432774948002,0.1576612920612311
1022,45,0.017924074074074075,0.021081481481482887,-0.0030508635299266408,0.10902129651705071
1023,45,0.018636481481481483,0.02159074074073911,-0.0028497668403263373,0.017121328927844043
1024,45,0.017303148148148147,0.019312962962962445,-0.0019460150972551308,0.07543234573756805
1025,45,0.017746666666666668,0.017025925925926,0.0007602779670187878,0.11439856475958098
1026,45,0.017243333333333333,0.020933333333333557,-0.003599091897817518,0.03630906232896711
1027,45,0.01745962962962963,0.01888518518518489,-0.0013339885360579703,0.10012128151818098
1028,45,0.01744574074074074,0.020235185185182223,-0.002693376686223512,0.06663635110007919
1029,45,0.020340185185185187,0.023235185185194223,-0.0027524429761008463,0.08830316756059693
1030,45,0.02111574074074074,0.02567777777777689,-0.004392302239083435,0.07502454347379782
1031,45,0.020759444444444445,0.022764814814817555,-0.0018858974889127097,0.07319307432497293
1032,45,0.023513703703703703,0.02748518518518289,-0.0037979231182773306,0.09141071110610667
1033,45,0.019090185185185186,0.022487037037040667,-0.0032799785360241454,0.11930801161056488
1034,45,0.018934629629629628,0.024127777777774223,-0.005037293964479344,0.12192411282000934
1035,45,0.015692777777777778,0.018405555555558666,-0.002623852955941805,0.10188967221634045
1036,45,0.020715925925925926,0.02230555555555689,-0.0014825332158306108,0.13601665019822043
1037,45,0.015563148148148149,0.020079629629627557,-0.004380610206742448,0.11394625980120933
1038,45,0.018028333333333334,0.021842592592593777,-0.003683073794225273,0.11936263293471777
1039,45,0.01836314814814815,0.020772222222229554,-0.0022773276044935706,0.09962114890793208
1040,45,0.018583148148148147,0.022950000000000446,-0.004216665707805653,0.06669747049455645
1041,45,0.020298518518518518,0.022496296296299335,-0.002063679307499496,0.12167106367195737
1042,45,0.01655537037037037,0.02020740740740911,-0.0035339487430729936,0.10728425092042765
1043,45,0.018953333333333332,0.02320370370370911,-0.004093892720723274,0.10178958635803609
1044,45,0.021713333333333334,0.025600000000003776,-0.003737680246973116,0.1190213457840996
1045,45,0.018817962962962963,0.02124444444444689,-0.0023296306200043726,0.14429972045554182
1046,45,0.019307777777777778,0.024883333333336446,-0.005394856996115381,0.09100234750699245
1047,45,0.018407037037037038,0.02261296296296489,-0.004069965951457477,0.04744776933294933
1048,45,0.019859814814814816,0.02238703703704978,-0.002411664267460783,0.09910995031127476
1049,45,0.019532777777777777,0.02200925925925889,-0.0023690581416003307,0.1062720655467596
1050,45,0.01951148148148148,0.021620370370366224,-0.002029922976862459,0.0657580836180036
1051,45,0.015685,0.01838333333333311,-0.0025915552611809408,0.08540317658649867
1052,45,0.018378703703703703,0.020238888888891776,-0.0017396696288304611,0.09863595944893387
1053,45,0.02218611111111111,0.024518518518530666,-0.002199650939120305,0.07168613888249391
1054,45,0.017841666666666665,0.020401851851851113,-0.0024660623164055027,0.09421316163702365
1055,45,0.018140925925925925,0.021403703703706665,-0.0031507340553996632,0.10415638114851031
1056,45,0.018535185185185186,0.021783333333334445,-0.0031325824974830396,0.10502332525637746
1057,45,0.021519814814814815,0.02309074074074289,-0.0014552350155341237,0.09584382522409693
1058,45,0.01805851851851852,0.020650000000006,-0.0025017327546846034,0.13254693655417332
1059,45,0.019047777777777778,0.022751851851850666,-0.003562232581819861,0.05839721348449466
1060,45,0.01598,0.018777777777775555,-0.002715629654167917,0.10438594735932627
1061,45,0.018779444444444446,0.023635185185188888,-0.004713216988368705,0.08344286021004627
1062,45,0.019935925925925926,0.02464074074074289,-0.004528134834832246,0.07954757422581556
1063,45,0.01749351851851852,0.021185185185190223,-0.0035807635360103093,0.09894339973126666
1064,45,0.01999759259259259,0.021675925925921557,-0.0015541640866655105,0.08079153058786857
1065,45,0.01704722222222222,0.020979629629632665,-0.0038299614864087186,0.06340157448880947
1066,45,0.020456296296296295,0.024048148148150667,-0.003442609735253395,0.04913003982561338
1067,45,0.018001666666666666,0.021125925925928223,-0.0029915576897095513,0.12926217647232366
1068,45,0.019118333333333334,0.019911111111112444,-0.000701197552943395,0.1288538813242018
1069,45,0.019948518518518518,0.022866666666667333,-0.002786046429183554,0.08261787149522853
1070,45,0.021251481481481482,0.024181481481481335,-0.0027934351202541074,0.10479474317773556
1071,45,0.01860388888888889,0.02247407407408022,-0.003739780537479293,0.11928957789081378
1072,45,0.01584148148148148,0.02039259259259578,-0.004429680265872663,0.08094014892207112
1073,45,0.019008703703703705,0.021209259259261332,-0.0020683335067420506,0.1110132894290401
1074,45,0.01718574074074074,0.022705555555558,-0.005358371799555438,0.03209572021526275
1075,45,0.020347962962962964,0.024249999999999335,-0.003765616754719324,0.0921431409251036
1076,45,0.015101666666666666,0.017996296296299112,-0.0027899000324892553,0.07291493688479875
1077,45,0.021195555555555554,0.025288888888887556,-0.003921510946156707,0.1024230113388867
1078,45,0.018247777777777776,0.023340740740740665,-0.004953672456109004,0.09509668347279378
1079,45,0.01763462962962963,0.022087037037045554,-0.0043286060059073974,0.11112976596870666
1080,45,0.015695185185185184,0.017240740740738888,-0.0014787611909503518,0.1005603676022788
1081,45,0.020829444444444446,0.024553703703699335,-0.00358966059023498,0.07076599645751698
1082,45,0.019899814814814815,0.024131481481490222,-0.004085943693393792,0.09581028370168533
1083,45,0.019435555555555557,0.022018518518517778,-0.002448991842833317,0.12409833731306143
1084,45,0.016346666666666666,0.022227777777775112,-0.00573728355324062,0.036377421234896
1085,45,0.02499962962962963,0.027038888888886666,-0.0018967407778007564,0.08445833165433604
1086,45,0.022087407407407406,0.02588888888889489,-0.0036463921014593366,0.0543128763405156
1087,45,0.01815240740740741,0.018757407407411334,-0.0005172452772645627,0.11766547303640987
1088,45,0.018905925925925927,0.02305185185185578,-0.0039903084230876445,0.0656788065501036
1089,45,0.01847722222222222,0.021712962962968,-0.0030979550284525076,0.10542119859827338
1090,45,0.018233333333333334,0.021207407407402,-0.0028791818011786366,0.11678473732959556
1091,45,0.01655685185185185,0.017622222222226223,-0.0009720114273758506,0.10545160862353249
1092,45,0.021696851851851853,0.024487037037039555,-0.0026431578025475576,0.14770513854114053
1093,45,0.016858148148148146,0.018912962962966667,-0.001991513450505453,0.07541003738552053
1094,45,0.020645,0.02517222222222222,-0.004338222255166528,0.09685708298329515
1095,45,0.021800925925925925,0.02550185185185289,-0.003529379125649494,0.08466166777334014
1096,45,0.018787962962962965,0.023101851851849778,-0.004132378133194889,0.08226396266353249
1097,45,0.01744222222222222,0.023151851851850223,-0.005549398425991852,0.0920426186181307
1098,45,0.018999074074074074,0.021607407407410222,-0.0024932277791946266,0.14179205139331644
1099,45,0.014557407407407408,0.019392592592603113,-0.004724391644207132,0.07917953170521692
1100,45,0.011795185185185185,0.015749999999999112,-0.0038696003347726752,0.08046523295592312
1101,45,0.019062592592592593,0.02041666666666689,-0.0012690216086679283,0.10184722617781831
1102,45,0.01788425925925926,0.022940740740737556,-0.004913471815183631,0.06619420070712934
1103,45,0.020922777777777776,0.024533333333337556,-0.0034547359428185494,0.12878301037102444
1104,45,0.01812462962962963,0.02352777777777711,-0.005241214146650676,0.024637852937447153
1105,45,0.019797222222222223,0.025155555555554,-0.005192059952637125,0.06556558093820222
1106,45,0.016938333333333333,0.021377777777775556,-0.004287204918050986,0.08727210547032627
1107,45,0.017334814814814813,0.021757407407413557,-0.004285734844136869,0.06460688864570582
1108,45,0.01857611111111111,0.02158703703704311,-0.0028823029315664826,0.10469440324957693
1109,45,0.017334444444444444,0.020135185185187556,-0.002706941237953063,0.08379403999506449
1110,45,0.01747648148148148,0.01865370370370867,-0.0010572186051461447,0.13254854252313208
1111,45,0.01626574074074074,0.021218518518517332,-0.0048229062640849545,0.06889278771895338
1112,45,0.019590925925925925,0.02349444444445111,-0.003771494519247915,0.06808038521652449
1113,45,0.01817222222222222,0.022907407407412445,-0.004598004361439161,0.09382130709737423
1114,45,0.01761574074074074,0.021194444444448443,-0.00347031888473731,0.09532326704016045
1115,45,0.017816111111111112,0.021120370370372,-0.0031613501712955145,0.07807874727632448
1116,45,0.018065,0.021433333333332222,-0.0032249785901034295,0.06621265055953747
1117,45,0.02132925925925926,0.024011111111119334,-0.002573676311362082,0.09066028511021026
1118,45,0.01708462962962963,0.020524074074074444,-0.003322817198048959,0.07747455383151378
1119,45,0.019772222222222222,0.019531481481484224,0.0003276755228360696,0.09772570449218013
1120,45,0.01819351851851852,0.02100185185185022,-0.0027078597032478675,0.08464682030076458
1121,45,0.014726111111111112,0.017014814814815777,-0.002164412730750446,0.11361534640542582
1122,45,0.01553074074074074,0.018433333333335335,-0.002807147259358822,0.09679253432815738
1123,45,0.01935962962962963,0.021042592592592446,-0.001573948335956938,0.0699143333142792
1124,45,0.018269074074074073,0.021646296296292,-0.0032472375936235852,0.09748740605218986
1125,45,0.01807074074074074,0.022131481481480666,-0.003908425316527237,0.08532755107101475
1126,45,0.015509814814814815,0.01970370370371,-0.004091641117409125,0.07237274859321915
1127,45,0.020089814814814814,0.022348148148148,-0.002150211255266184,0.09443152253170849
1128,45,0.016324814814814816,0.019244444444444668,-0.002792512686676522,0.0824319842398544
1129,45,0.016815185185185186,0.017592592592595557,-0.0006907175088774463,0.11470836134172044
1130,45,0.019477037037037036,0.02220555555555,-0.002624570271148663,0.04549529007792498
1131,45,0.015396481481481481,0.01937962962963489,-0.0038658752826734467,0.12085875156895333
1132,45,0.01784777777777778,0.02026296296296911,-0.0023185165582403555,0.06503747543514804
1133,45,0.01646685185185185,0.018935185185178446,-0.0023693243170121014,0.10546903737401556
1134,45,0.017876851851851852,0.02229629629629689,-0.004284241060997459,0.0768520788825196
1135,45,0.01696240740740741,0.02173148148148911,-0.004628625338854874,0.09314130551635738
1136,45,0.01994037037037037,0.021698148148152,-0.0016353858359887945,0.11792176809051969
1137,45,0.01344851851851852,0.014931481481477334,-0.0014220194271911345,0.10823826538153475
1138,45,0.020713148148148147,0.023029629629622888,-0.0021887904705890095,0.1165659328022436
1139,45,0.018272777777777777,0.020366666666670443,-0.0019930265785866826,0.0866635599828997
1140,45,0.019684444444444445,0.02184629629630311,-0.002019371846959407,0.08674225931308405
1141,45,0.016409814814814815,0.020812962962965333,-0.004268994504263566,0.06920527107996044
1142,45,0.016750925925925926,0.020685185185182222,-0.0038139512251074816,0.08790268093536849
1143,45,0.020312962962962963,0.025125925925928223,-0.004652722011100508,0.03168822904257822
1144,45,0.019598888888888888,0.023516666666674,-0.003781495233951719,0.06536468012408138
1145,45,0.018630555555555556,0.024116666666668,-0.00532377032585435,0.100133401038408
1146,45,0.01883111111111111,0.022450000000007554,-0.0034970623194469407,0.09526475747621072
1147,45,0.016780925925925925,0.020244444444440665,-0.003350386888033996,0.07191047144448044
1148,45,0.020314259259259258,0.02218703703704689,-0.0017464395140666727,0.10124610758943164
1149,45,0.018529074074074073,0.020577777777775776,-0.0019313822607317016,0.06594310047158097
1150,45,0.017950555555555556,0.019764814814820668,-0.0017161039009765918,0.11151010785919249
1151,45,0.01642962962962963,0.018624074074078668,-0.002109852986535321,0.12073937819471338
1152,45,0.018631666666666668,0.019570370370375335,-0.0008545750134443401,0.09778710060446849
1153,45,0.016232777777777777,0.017437037037036446,-0.0011330546165659624,0.09440982601089218
1154,45,0.015688333333333332,0.019820370370378444,-0.004021407243776196,0.06984222896303738
1155,45,0.01691888888888889,0.02010185185185711,-0.0030792279132983397,0.10570743306145777
1156,45,0.01883685185185185,0.021607407407410444,-0.0026627544619572557,0.051474268814672
1157,45,0.018121111111111112,0.022107407407410223,-0.0038478235838958473,0.13138193628074848
1158,45,0.015002407407407407,0.019083333333342223,-0.003981370280384687,0.08411031684551822
1159,45,0.01810888888888889,0.022642592592591777,-0.004415075672279226,0.06032629601449911
1160,45,0.01746425925925926,0.022798148148153112,-0.005170447501646919,0.10135899455136671
1161,45,0.01805962962962963,0.023651851851863557,-0.00543124613036117,0.03715333784848977
1162,45,0.018031111111111112,0.02029814814814489,-0.002175861350082347,0.05101961897439071
1163,45,0.016716111111111112,0.018727777777777777,-0.001915301630803522,0.07666200390851916
1164,45,0.016855555555555554,0.01981851851852111,-0.002848170715220655,0.08242863218702226
1165,45,0.018766296296296295,0.020890740740746667,-0.0020161126476589447,0.06831252869717791
1166,45,0.01723,0.019187037037044444,-0.0018554990897138104,0.06256798584428319
1167,45,0.017479444444444443,0.02165000000000289,-0.0040360706413244,0.10737310799613027
1168,45,0.01934851851851852,0.021125925925926,-0.0016582186994125293,0.12924259731245827
1169,45,0.017067037037037037,0.019787037037047112,-0.0026100814742010883,0.1008282413520347
1170,45,0.014741111111111111,0.01868148148148111,-0.003837840914839852,0.06798341794176804
1171,45,0.01618537037037037,0.019640740740744667,-0.003344313237145707,0.13493306610790098
1172,45,0.021738888888888887,0.024533333333337112,-0.0026640880864205203,0.07534464097635608
1173,45,0.018837962962962963,0.023274074074073555,-0.004273175227501095,0.09366861748200941
1174,45,0.016230185185185184,0.017451851851852666,-0.0011417685650754752,0.0724458261889708
1175,45,0.020951296296296298,0.024933333333335556,-0.0038314328334601837,0.0812356881266
1176,45,0.01699777777777778,0.021312962962968224,-0.004196407311855192,0.13122551894917378
1177,45,0.018642962962962962,0.02026296296296289,-0.0015261764075219287,0.08822240131422666
1178,45,0.019101666666666666,0.02237592592592489,-0.0031532819248837256,0.04893735171091422
1179,45,0.018037962962962964,0.020353703703700668,-0.0022351493989101042,0.051173941447053464
1180,45,0.016040185185185185,0.020512962962969557,-0.004353694274570286,0.09451105448046711
1181,45,0.021027407407407408,0.024588888888885777,-0.0034239243809737075,0.09589407524729737
1182,45,0.019389814814814815,0.020175925925928002,-0.0006934070950704567,0.14604048455950044
1183,45,0.019359074074074074,0.023170370370372444,-0.00367874757718082,0.041957306046336046
1184,45,0.01641574074074074,0.019190740740744446,-0.0026943603039870844,0.11832080498643387
1185,45,0.01909648148148148,0.023148148148152,-0.003920656371454776,0.034410712780599595
1186,45,0.019138703703703703,0.019729629629628445,-0.0004872013177109638,0.13522106893081345
1187,45,0.021408703703703704,0.023796296296298,-0.00227267216548803,0.11163880307798764
1188,45,0.02089388888888889,0.025038888888887112,-0.004003029050797255,0.028229061308436443
1189,45,0.016979814814814816,0.02138703703703311,-0.004255773651583423,0.10471963517890627
1190,45,0.020607962962962963,0.022677777777779556,-0.0019695600629424264,0.14960968025643556
1191,45,0.019229074074074076,0.023414814814810222,-0.004039096272286587,0.11116772516713516
1192,45,0.017583333333333333,0.019399999999996222,-0.0017260498962964209,0.07865265028390182
1193,45,0.017258148148148147,0.015857407407404888,0.0014508751895897238,0.142903621721
1194,45,0.02316111111111111,0.02723148148148511,-0.003903050535632594,0.08036037978214045
1195,45,0.01840296296296296,0.01923703703704,-0.0007503240296001135,0.06361057640353884
1196,45,0.016103333333333334,0.017929629629635777,-0.0017457043639581018,0.1023402591084383
1197,45,0.01847148148148148,0.022490740740743555,-0.00389750645005681,0.08567394838460267
1198,45,0.01720388888888889,0.019048148148152224,-0.001738695236579963,0.12918348823686587
1199,45,0.016116666666666668,0.017940740740736445,-0.001758332131305313,0.12617872640756986
1200,45,0.016469444444444443,0.018437037037033335,-0.0018933151747766368,0.07576971174250004
1201,45,0.014612962962962963,0.020118518518522668,-0.005367691947711093,0.08980212795224134
1202,45,0.018142222222222223,0.019414814814810222,-0.001192536064170007,0.1455065717968036
1203,45,0.017934814814814813,0.01938148148148622,-0.00134755901666235,0.15349153806616497
1204,45,0.018591296296296297,0.02078148148148289,-0.002081721308956514,0.08475555878157169
1205,45,0.018737592592592594,0.020664814814820222,-0.0018149649121173377,0.15450642853846946
1206,45,0.014858333333333333,0.01872407407407489,-0.003765673023298059,0.08300764073462667
1207,45,0.02263611111111111,0.024640740740741112,-0.0018906383822698183,0.08683197379729378
1208,45,0.02075222222222222,0.021875925925923554,-0.0010189546390395377,0.10140291858535831
1209,45,0.017124814814814815,0.02096666666666889,-0.0037078308979739097,0.08920329430643915
1210,45,0.018784444444444444,0.018738888888888888,9.617464142128225e-05,0.09976779317977293
1211,45,0.01569259259259259,0.019437037037036,-0.003624596554942442,0.08041505028967294
1212,45,0.02042851851851852,0.02402777777778111,-0.003461697065725971,0.1352693698604236
1213,45,0.016305,0.019372222222221333,-0.002958731583764824,0.11055413667778444
1214,45,0.02153277777777778,0.02460740740741178,-0.0029508397625025882,0.0708583184767596
1215,45,0.018638148148148147,0.023131481481484445,-0.0043057997867465845,0.07626589579466223
1216,45,0.01881537037037037,0.02124444444444778,-0.0023087491322448484,0.05866412690111622
1217,45,0.01913425925925926,0.021718518518515556,-0.0024786577400479205,0.0916984633099761
1218,45,0.020621666666666667,0.02075370370369778,-4.411586575266845e-05,0.0821773721630192
1219,45,0.018247407407407407,0.022274074074076222,-0.003873147493280133,0.06218254117478711
1220,45,0.016054074074074075,0.01891296296296578,-0.002763268865258735,0.07940028570086805
1221,45,0.01618851851851852,0.018859259259257778,-0.0025685035802296024,0.09572986155521115
1222,45,0.01856185185185185,0.020925925925928,-0.0022668870049569806,0.09096120342214
1223,45,0.017622592592592592,0.018644444444444,-0.0009586025411741201,0.15051705597848763
1224,45,0.01727703703703704,0.020587037037036668,-0.00319170669009116,0.06363785227200769
1225,45,0.01767925925925926,0.022979629629629555,-0.0051516161063468405,0.05087455849290667
1226,45,0.014337222222222222,0.016788888888892888,-0.002405417983632548,0.11201414539099515
1227,45,0.012915,0.017674074074076666,-0.0046673415752322605,0.12372949269763156
1228,45,0.019595555555555557,0.02441666666666311,-0.004673432060286996,0.06598558603405294
1229,45,0.021639259259259257,0.022570370370368888,-0.0008123529819403095,0.11584313889302547
1230,45,0.02289574074074074,0.025335185185186668,-0.002281294840228555,0.08064504515690582
1231,45,0.01848037037037037,0.02207407407407022,-0.003475528068373245,0.08467889561900933
1232,45,0.017943888888888888,0.019542592592595557,-0.001516272982504099,0.1737895892765378
1233,45,0.02056111111111111,0.024444444444449334,-0.0037302129108015805,0.07214639428175382
1234,45,0.02006796296296296,0.022451851851852223,-0.0022894628942210457,0.06898317289856765
1235,45,0.015584814814814815,0.020303703703703112,-0.004603443896304743,0.12483787294474978
1236,45,0.017447962962962964,0.018733333333335333,-0.001216739526312464,0.13731667941296533
1237,45,0.018681296296296297,0.021366666666672,-0.002556158344916231,0.07008529311529742
1238,45,0.020565740740740742,0.023335185185187554,-0.002646381700884996,0.11004476466530666
1239,45,0.019305925925925924,0.02071481481481978,-0.0013223893083400156,0.14138579328194628
1240,45,0.01765925925925926,0.021414814814819334,-0.0036412230643060044,0.07096836568496756
1241,45,0.016494074074074074,0.018631481481479556,-0.0020506844865393137,0.09309252769310711
1242,45,0.021379074074074075,0.02455925925926,-0.00305074012925401,0.05139202309938577
1243,45,0.021253333333333332,0.02426481481481889,-0.0028569773155483827,0.08339881939217644
1244,45,0.017865555555555555,0.020059259259262222,-0.0021300916240670643,0.07827411369343959
1245,45,0.021038888888888888,0.025233333333329555,-0.004045680809816029,0.04204433229293156
1246,45,0.01718148148148148,0.019479629629638,-0.0021931873384198465,0.11689457829774942
1247,45,0.02063462962962963,0.022800000000002665,-0.0020446976046604097,0.10300649173074902
1248,45,0.020396296296296294,0.021227777777780222,-0.0007554422768363341,0.09207167101405515
1249,45,0.019029444444444443,0.02187407407407622,-0.0027295748808748854,0.10382968802801738
1250,45,0.015807777777777778,0.02059074074074378,-0.0046391499371887445,0.07342445043488498
1251,45,0.02016333333333333,0.02260370370370489,-0.0023288876493868745,0.09041418116746004
1252,45,0.01724259259259259,0.01878888888889111,-0.0014832212112005374,0.10009496794884498
1253,45,0.019136296296296297,0.020450000000001557,-0.0012204749213826367,0.09678270602209653
1254,45,0.01863759259259259,0.023124074074079334,-0.004330401850043697,0.13669282150816137
1255,45,0.01673037037037037,0.020401851851860223,-0.003549972947012482,0.11634297073209347
1256,45,0.017099814814814814,0.018261111111109778,-0.0010948779867540948,0.11478072207859248
1257,45,0.017483148148148147,0.01945740740741111,-0.0018488180971179954,0.07421452317491875
1258,45,0.01692574074074074,0.02039444444444289,-0.003361826500888244,0.09475313324764044
1259,45,0.015215740740740741,0.018479629629631556,-0.0031577185702374383,0.043728421682847685
1260,45,0.01875,0.021396296296293332,-0.002541706209779969,0.08173723345146137
1261,45,0.01827574074074074,0.021237037037042446,-0.002851979926178768,0.06950937264863968
1262,45,0.015782777777777778,0.01772222222222689,-0.0018496474744767492,0.13487316232606
1263,45,0.01626574074074074,0.01867407407407978,-0.0023048796431183577,0.14441278510204045
1264,45,0.021455925925925927,0.023881481481478,-0.0023136035260914135,0.05642379169519071
1265,45,0.020330185185185184,0.023059259259266888,-0.002584610710839125,0.08389895393090986
1266,45,0.019683518518518517,0.021566666666667334,-0.0017454714571395642,0.1334027771893356
1267,45,0.014897222222222221,0.02075370370370511,-0.005716210779642718,0.09024544133181112
1268,45,0.01948314814814815,0.021937037037043555,-0.002349003812609782,0.09216399116538804
1269,45,0.02301814814814815,0.026212962962967556,-0.003050016651744901,0.0903627693508956
1270,45,0.017705925925925927,0.022033333333338,-0.004197767061410721,0.09505476818994804
1271,45,0.016707037037037038,0.016857407407408667,-7.788739433036213e-05,0.1129976071968268
1272,45,0.018923703703703703,0.02209814814815378,-0.003052777570047,0.11264033520925999
1273,45,0.02349574074074074,0.026937037037037776,-0.0032828063935651346,0.06838158665560226
1274,45,0.019233518518518518,0.021857407407405112,-0.002510499684199785,0.10822369136986444
1275,45,0.021065555555555556,0.023985185185182667,-0.0027749733594149523,0.11509053049791916
1276,45,0.021917962962962962,0.022153703703702666,-0.00013188140322627865,0.14094932468877613
1277,45,0.015682777777777778,0.019479629629628667,-0.0037044152717554332,0.10734022668278138
1278,45,0.017656296296296295,0.02152407407407489,-0.003732542975183385,0.012612609968451646
1279,45,0.019128703703703703,0.023527777777776,-0.004278517684329756,0.07960878499233556
1280,45,0.01706462962962963,0.019244444444444446,-0.0020923158124243157,0.07348001459846672
1281,45,0.020340925925925925,0.024179629629630224,-0.0036936534819052924,0.14483310784488448
1282,45,0.01831537037037037,0.019872222222224224,-0.0014403351300202847,0.055702151122196134
1283,45,0.01766074074074074,0.017627777777777777,0.0001096704524826908,0.13099589247335347
1284,45,0.018976851851851852,0.022983333333332,-0.0038661226661726726,0.09300271903962182
1285,45,0.01723537037037037,0.020479629629624223,-0.0031352065347247165,0.03117300543718
1286,45,0.01930462962962963,0.02311111111110911,-0.00368773287428654,0.07137933002957693
1287,45,0.017362407407407406,0.02102037037037689,-0.0035525789614349688,0.11355328738482445
1288,45,0.017979074074074074,0.018516666666668,-0.0004644626522765908,0.09265588183016053
1289,45,0.018804444444444443,0.02128888888888911,-0.002379468005373379,0.09792615846860804
1290,45,0.017441111111111112,0.021038888888891112,-0.0034606110382918646,0.11366310682608712
1291,45,0.01654240740740741,0.019309259259262,-0.0026618769359474876,0.05731515275566418
1292,45,0.01645962962962963,0.020307407407409335,-0.0037282651423831484,0.06727034872003738
1293,45,0.019367592592592592,0.021349999999992444,-0.001862064695249151,0.07325380356242182
1294,45,0.018048703703703702,0.018916666666662668,-0.0007745483415894464,0.16062795864246052
1295,45,0.01984425925925926,0.023361111111109334,-0.0033833228627968117,0.09516516612724182
1296,45,0.016953703703703703,0.02213703703704089,-0.005055505731281968,0.07122058744056005
1297,45,0.018795,0.02075370370370578,-0.001842314198841809,0.10241570395494894
1298,45,0.018968148148148147,0.02198888888889,-0.0028923741976468,0.06663722075112054
1299,45,0.014663518518518518,0.017740740740743333,-0.0029972291349272175,0.07911780868916227
1300,45,0.01873,0.022685185185185332,-0.003837214830670013,0.09154551338372582
1301,45,0.016027962962962963,0.01805370370370978,-0.0019171428302372704,0.12208058344789738
1302,45,0.016295925925925926,0.02081851851852289,-0.004421557923596886,0.03216277956008449
1303,45,0.017617407407407408,0.021107407407416443,-0.003391632192481839,0.13846124863268533
1304,45,0.01808259259259259,0.020507407407410888,-0.0023202902556900273,0.123843818788736
1305,45,0.018768888888888887,0.021018518518520667,-0.0021443133872890946,0.05446558850858542
1306,45,0.017437037037037036,0.02147037037037111,-0.003926594119850001,0.09079938916580227
1307,45,0.01699111111111111,0.02102037037036511,-0.0039004298966564582,0.07234746887574667
1308,45,0.018947222222222223,0.02313333333333689,-0.004031623931066145,0.12001523135173156
1309,45,0.019692962962962964,0.022007407407401557,-0.0022158552495855533,0.060667802888141824
1310,45,0.02054425925925926,0.023612962962960445,-0.002945681077102032,0.06196893240801778
1311,45,0.017650370370370372,0.02206666666666911,-0.004280207507433315,0.09852205651703694
1312,45,0.019813888888888888,0.02285185185184889,-0.002928840374104882,0.035497913592837375
1313,45,0.019409074074074075,0.020070370370373777,-0.0006045195797893803,0.07208837319152223
1314,45,0.01929111111111111,0.02390925925926,-0.004448605871037496,0.05941146740020098
1315,45,0.018792962962962963,0.020446296296297555,-0.0015751108631350036,0.09479109392452582
1316,45,0.018630185185185184,0.021933333333336445,-0.003165283314753448,0.09267085064707302
1317,45,0.01717462962962963,0.02042407407406889,-0.0031505665157590184,0.08366019252732755
1318,45,0.01575851851851852,0.017650000000004887,-0.0018215861857546855,0.11417346744264
1319,45,0.017284814814814815,0.019555555555559555,-0.0021918911358787627,0.10157094905731333
1320,45,0.012959444444444444,0.018372222222224,-0.005295634214424553,0.11497172047130355
1321,45,0.018832592592592592,0.021483333333336223,-0.0025614350443195055,0.06622413470675031
1322,45,0.015081851851851851,0.018181481481482888,-0.0029878814900372707,0.14911287151419472
1323,45,0.01890462962962963,0.021366666666665333,-0.0023507013817675912,0.13310471576236943
1324,45,0.020076296296296297,0.02192962962962222,-0.0017483105539231837,0.09317695251873377
1325,45,0.01764240740740741,0.023068518518520223,-0.005270301692744961,0.07410087929142489
1326,45,0.01923148148148148,0.02200185185185289,-0.002670289230328731,0.05464942797028853
1327,45,0.022148148148148146,0.024314814814814224,-0.002038642956325592,0.13486736795657822
1328,45,0.018256666666666668,0.021907407407412666,-0.0035256300520113315,0.06151583314654636
1329,45,0.017022037037037037,0.021003703703704444,-0.003857779993530208,0.08706405783523823
1330,45,0.019525555555555556,0.02410555555555578,-0.004416777896198868,0.09356081522535294
1331,45,0.018162222222222222,0.022451851851856223,-0.0041431753174022284,0.07285268193669249
1332,45,0.02131388888888889,0.02246666666666511,-0.0010549566574893563,0.10767066633693609
1333,45,0.01986574074074074,0.023527777777784222,-0.003532444596414545,0.07716402630433693
1334,45,0.014402777777777778,0.020801851851858,-0.006243104087980453,0.09306888653838004
1335,45,0.016192037037037036,0.019138888888899776,-0.002849953216646095,0.07958197040498405
1336,45,0.01728574074074074,0.021344444444445554,-0.003920834336032309,0.11018469859820666
1337,45,0.021181296296296295,0.025725925925926665,-0.004360884110021347,0.10766977236698799
1338,45,0.015963703703703702,0.017699999999999112,-0.0016565082656711514,0.14599712262324183
1339,45,0.018714074074074074,0.021831481481486222,-0.003000629297965007,0.09874743178804755
1340,45,0.016488148148148148,0.01864259259259511,-0.002092553397070813,0.10763554637303516
1341,45,0.017796851851851852,0.01995370370370622,-0.002042296064840834,0.05890798753547471
1342,45,0.01985185185185185,0.022861111111114,-0.002894975758622984,0.11559335707108143
1343,45,0.019336666666666665,0.018925925925922224,0.0004823295644625198,0.10067752562820902
1344,45,0.018171666666666666,0.022862962962971554,-0.0045507047267948925,0.06567987717535599
1345,45,0.017992777777777778,0.019877777777779777,-0.001775510404340102,0.1027759553466956
1346,45,0.01624962962962963,0.019122222222219556,-0.002773361047990878,0.13582253681479556
1347,45,0.02013685185185185,0.025474074074068,-0.00516714799373189,0.07587687218879516
1348,45,0.023909629629629628,0.027244444444440002,-0.0031890344613133017,0.07890711210274765
1349,45,0.015302222222222222,0.01719444444445489,-0.0017717623323402186,0.11572524979473164
1350,45,0.02169740740740741,0.023312962962964444,-0.0014972145720593872,0.11170586197154223
1351,45,0.01683425925925926,0.019598148148147334,-0.002644923230413696,0.13501684824528046
1352,45,0.021720740740740742,0.026061111111110223,-0.004174921477092328,0.040495050206201776
1353,45,0.016009259259259258,0.020846296296292668,-0.00471042915384091,0.07627035386998667
1354,45,0.018136296296296296,0.021057407407408666,-0.0028052302540763348,0.06270490245174498
1355,45,0.01770703703703704,0.021349999999999335,-0.0035028011417149456,0.06745096049005027
1356,45,0.017848333333333334,0.019831481481485776,-0.0019026524342209564,0.12976901116732895
1357,45,0.02025,0.023953703703702665,-0.0035484187752112596,0.11163097637246
1358,45,0.015971666666666665,0.017548148148149777,-0.0015061006918398684,0.10254179301198413
1359,45,0.023163148148148148,0.025644444444442888,-0.0023171802415017173,0.07265478135401876
1360,45,0.01616037037037037,0.01821481481481489,-0.0019707654220465524,0.10194100933005737
1361,45,0.018393148148148148,0.021770370370378444,-0.0032768085814686696,0.09282477658736667
1362,45,0.021148518518518518,0.025372222222225335,-0.004069071092495818,0.04239103543060182
1363,45,0.017324814814814814,0.021379629629623333,-0.0039246790636237264,0.03351360825295071
1364,45,0.018690555555555554,0.020412962962967334,-0.0016256038181324004,0.11585895206174449
1365,45,0.018711111111111112,0.02204444444444578,-0.00320353881233491,0.04005945156196498
1366,45,0.020298703703703704,0.021785185185182666,-0.0014063250531350564,0.08082785080902405
1367,45,0.014469444444444444,0.017550000000004444,-0.0029994510466153103,0.11410577456041164
1368,45,0.01617074074074074,0.01814074074073622,-0.00188133432267071,0.08284107483849293
1369,45,0.019937777777777776,0.021557407407414887,-0.001530707875102798,0.10224277336222226
1370,45,0.019905185185185185,0.02157222222221911,-0.0015577484317860608,0.09327748257175386
1371,45,0.017046666666666665,0.02186481481481911,-0.00469819928049383,0.08724931789424667
1372,45,0.01892425925925926,0.022809259259257555,-0.0037267440419787887,0.07700406779066223
1373,45,0.01843925925925926,0.02084999999999822,-0.0022912787521813926,0.049256919747445824
1374,45,0.01899111111111111,0.021522222222225555,-0.0023877260157578297,0.15678775373890227
1375,45,0.01867074074074074,0.020727777777778667,-0.0019556263071822478,0.054619363606268935
1376,45,0.02215962962962963,0.025657407407410224,-0.0033620806450908704,0.0801378029879311
1377,45,0.02086148148148148,0.024301851851850444,-0.0032804958048855857,0.09245194485801209
1378,45,0.017113888888888887,0.020790740740746667,-0.003572325925919071,0.10568934596310715
1379,45,0.01555888888888889,0.017614814814826667,-0.0019868407260323464,0.13873764767715915
1380,45,0.020703148148148148,0.024120370370375333,-0.0032765895380200065,0.07894582014071777
1381,45,0.020029814814814813,0.022303703703701112,-0.0021685122712593275,0.0922609087870711
1382,45,0.016906666666666667,0.01887037037037,-0.0018664789817154656,0.07710752876900817
1383,45,0.015533148148148148,0.018748148148146668,-0.0031183535772184505,0.10314548135103556
1384,45,0.018055185185185185,0.020638888888887555,-0.002448557692862077,0.09675699537410942
1385,45,0.02036425925925926,0.022783333333340667,-0.0023195202257992454,0.10839707027443822
1386,45,0.01858351851851852,0.02289629629630311,-0.004133840866811078,0.07354218400387387
1387,45,0.01985037037037037,0.023735185185193332,-0.0037476721165525064,0.087951675400416
1388,45,0.019675925925925927,0.02212407407407289,-0.002271335762379577,0.14791414476019432
1389,45,0.016071666666666668,0.019931481481481557,-0.0037317064617196304,0.07533633718706498
1390,45,0.018594074074074075,0.021570370370369556,-0.0028767805914713764,0.08975581344622889
1391,45,0.018981111111111112,0.022381481481476888,-0.0032863157588957055,0.09672976816882711
1392,45,0.018355740740740742,0.020494444444454,-0.0020271239396090113,0.14605619016006222
1393,45,0.023619814814814816,0.027711111111109556,-0.0039424451411444175,0.08712448236097867
1394,45,0.019087037037037038,0.021479629629623333,-0.002270669131233293,0.07186051718056773
1395,45,0.017349074074074072,0.020753703703706224,-0.003285491657293608,0.05875311093429027
1396,45,0.019915555555555554,0.023800000000004224,-0.003724379953191476,0.10653300602515822
1397,45,0.016173888888888887,0.019257407407416,-0.002995663291114867,0.1332572351380525
1398,45,0.020073333333333332,0.020598148148152223,-0.0004242096772954667,0.1262478735896997
1399,45,0.021409074074074073,0.024961111111114223,-0.003395320938671678,0.11176774293532804
1400,45,0.017798333333333333,0.02115555555555311,-0.003247809545818625,0.09665663250477916
1401,45,0.021332962962962963,0.024709259259260444,-0.003235432119791796,0.06584563449918097
1402,45,0.018646851851851852,0.02110925925926089,-0.0023330595788876012,0.12733039017388942
1403,45,0.018858703703703704,0.020042592592598,-0.0010870402274545709,0.08697471409697173
1404,45,0.019523148148148147,0.022794444444453332,-0.0031573036855310926,0.12259102858749334
1405,45,0.02076425925925926,0.022251851851853334,-0.0013872151779719788,0.10387274422507294
1406,45,0.017627962962962963,0.02112592592592289,-0.0033955511746485813,0.132256203633592
1407,45,0.019517777777777776,0.023227777777777778,-0.0035570768148879815,0.09139295691217156
1408,45,0.019342037037037036,0.019227777777777334,0.00022456263895400427,0.11044977018339791
1409,45,0.021841851851851852,0.027351851851854,-0.005327427934330663,0.09709433503283911
1410,45,0.017697962962962964,0.02122037037037111,-0.003398711519652579,0.04610259124990276
1411,45,0.021522407407407407,0.027033333333332,-0.005329379789717131,0.03389790900937782
1412,45,0.017787592592592594,0.022268518518513556,-0.004321633974000418,0.0887857899467796
1413,45,0.018686666666666667,0.02178333333333378,-0.002984842151074263,0.04325700061081476
1414,45,0.017491296296296296,0.02276296296296511,-0.005107684110069828,0.08307856946324445
1415,45,0.017174444444444444,0.021846296296306446,-0.004542927670640304,0.10776646921237822
1416,45,0.016298703703703704,0.01849444444444889,-0.002085288602002507,0.12379429408267298
1417,45,0.01975185185185185,0.021333333333332222,-0.0015012364613621297,0.07431314477451706
1418,45,0.019859814814814816,0.022712962962967334,-0.0027373681627144253,0.0796997478630507
1419,45,0.014348333333333333,0.018262962962965555,-0.0038237324521332157,0.11009097352066444
1420,45,0.02035277777777778,0.025542592592594667,-0.005046033480584087,0.007717695886700444
1421,45,0.015861851851851853,0.020090740740747112,-0.004104780706647815,0.08988382020032226
1422,45,0.01604962962962963,0.020674074074078,-0.004497480621462219,0.09161190528668489
1423,45,0.01681962962962963,0.019627777777784666,-0.0027169919320512528,0.12417108938798711
1424,45,0.01916,0.021459259259260666,-0.002197436139620618,0.1063235746547667
1425,45,0.019931296296296294,0.023174074074076446,-0.0031436780625195048,0.085007869583532
1426,45,0.01894037037037037,0.022603703703699334,-0.003506456371480297,0.07352417600210052
1427,45,0.019296296296296298,0.02180740740740667,-0.0023941773368332995,0.07858518723149294
1428,45,0.021330925925925927,0.023642592592589554,-0.002191312424583458,0.08415841658377422
1429,45,0.02058185185185185,0.022370370370382,-0.0016535305748878158,0.13882641101357568
1430,45,0.021039259259259258,0.023235185185194445,-0.002091756530906324,0.10576247311990004
1431,45,0.02116259259259259,0.02297777777777911,-0.0017048903573128073,0.09064537451809115
1432,45,0.018927962962962962,0.02397962962962489,-0.004898110058290333,0.04097524644510222
1433,45,0.020468703703703704,0.02491851851852089,-0.004309485279072623,0.08351140566603471
1434,45,0.018240185185185186,0.02136666666666222,-0.003025973533019576,0.07862490914732266
1435,45,0.02121425925925926,0.023379629629638445,-0.002046617705943306,0.07425384351028014
1436,45,0.018153518518518517,0.02102037037037289,-0.0027714845204157,0.07504318138848182
1437,45,0.017079444444444446,0.020292592592586443,-0.003089277368429534,0.09313645185856098
1438,45,0.018653703703703704,0.02158888888888711,-0.0028247532910783686,0.07898926199857294
1439,45,0.019300925925925926,0.023987037037039333,-0.004534751399719221,0.10347454043521333
1440,45,0.019498148148148146,0.022087037037044444,-0.0025042539827129476,0.08208072173780004
1441,45,0.020615925925925926,0.023296296296299333,-0.0025532150192946463,0.08443461007219694
1442,45,0.020097962962962963,0.020162962962968222,-1.1300451324215544e-05,0.10360925544625653
1443,45,0.014925740740740741,0.016501851851856,-0.0014821816584118666,0.10231371891855555
1444,45,0.01607888888888889,0.01910370370370733,-0.00292693580858084,0.09201918854047698
1445,45,0.022849814814814816,0.023542592592590447,-0.0005687187009378622,0.11491849904902497
1446,45,0.020488518518518517,0.022714814814806444,-0.0020969107936622986,0.09652582007265244
1447,45,0.01823277777777778,0.020555555555559112,-0.0022171711875846926,0.11863724541819738
1448,45,0.019722962962962963,0.023374074074075556,-0.0035443797399529065,0.06804894379245377
1449,45,0.019628888888888887,0.022833333333333112,-0.003094854124716368,0.0857313948786071
1450,45,0.015085555555555555,0.019261111111110223,-0.004056300420324018,0.06553592336015333
1451,45,0.02175925925925926,0.02350925925926111,-0.0016093357036191267,0.10559962305329115
1452,45,0.015041296296296296,0.017342592592590002,-0.0022056324090445716,0.11268471750534934
1453,45,0.01732351851851852,0.020698148148145776,-0.0032568713386987563,0.06536982755820711
1454,45,0.017167592592592592,0.019124074074074224,-0.0018765431802254318,0.09959040304691706
1455,45,0.020125185185185183,0.023070370370366,-0.002827855998473784,0.07275070982210849
1456,45,0.018495,0.019242592592592443,-0.0006600859460727193,0.1591516263736556
1457,45,0.021164814814814813,0.022618518518521556,-0.0013840662597519964,0.11373370673183959
1458,45,0.018377962962962964,0.021846296296293113,-0.0033429755727765534,0.10399669555633333
1459,45,0.018601666666666666,0.020601851851854223,-0.0019049500510637104,0.07943580254859302
1460,45,0.018575,0.02063148148148689,-0.001970917132962846,0.10600431502726587
1461,45,0.017998703703703704,0.021931481481481555,-0.0038055724719791907,0.0847626449654476
1462,45,0.01710148148148148,0.01996296296296111,-0.002768574622212282,0.05590979052503115
1463,45,0.014838518518518518,0.01867222222222311,-0.0037299527985369912,0.08186811295847693
1464,45,0.017941481481481482,0.022848148148143555,-0.004736391473437397,0.05509048305388004
1465,45,0.019236481481481483,0.022772222222224,-0.003383572721744052,0.07310433962446933
1466,45,0.015724074074074074,0.019303703703713333,-0.0034696559285781847,0.11295817944688627
1467,45,0.02062074074074074,0.023411111111110446,-0.0026557764527818896,0.09154659648796222
1468,45,0.018037407407407408,0.023472222222225777,-0.00527595542148041,0.04785736178922267
1469,45,0.018727962962962964,0.02458888888889022,-0.005690206855087099,0.14321195533805778
1470,45,0.020027037037037038,0.022751851851848668,-0.0025934379920698925,0.10218833748085249
1471,45,0.02124962962962963,0.02524629629629711,-0.0038610611582458217,0.10195227020923334
1472,45,0.019039999999999998,0.022711111111103778,-0.0035623642963872426,0.08081857694701738
1473,45,0.020339444444444445,0.023755555555556224,-0.0032890499461605814,0.05620858278421782
1474,45,0.01937111111111111,0.021312962962969112,-0.0018142066445462198,0.11520302680426098
1475,45,0.018223518518518517,0.020425925925931555,-0.0021197046044095264,0.11959480469682489
1476,45,0.01792037037037037,0.021448148148156224,-0.003414065417220962,0.11112119212307027
1477,45,0.01621388888888889,0.018387037037042444,-0.0020923404721171564,0.10059675457042137
1478,45,0.016802037037037035,0.020974074074078444,-0.0040380622530512755,0.04716569904255075
1479,45,0.017586296296296298,0.020768518518521555,-0.003061026953266831,0.09475238688306044
1480,45,0.019057962962962964,0.022101851851857555,-0.002921860182326435,0.06513072413121875
1481,45,0.01815425925925926,0.022075925925928,-0.003821271624329994,0.079508482280456
1482,45,0.019480555555555557,0.021818518518520666,-0.002193400095323549,0.12568924474591292
1483,45,0.01811851851851852,0.02285370370370511,-0.004602943193922498,0.08292483242280405
1484,45,0.015313333333333333,0.019481481481485777,-0.004075130165187492,0.059467141611015996
1485,45,0.01695037037037037,0.020211111111107332,-0.0031574350694905822,0.108774551680192
1486,45,0.019256666666666665,0.021570370370370223,-0.002211787615133794,0.09920323480522045
1487,45,0.020136296296296295,0.02323518518518289,-0.0029668688807152083,0.08029457559999698
1488,45,0.019017407407407406,0.02216296296296311,-0.003039660030660945,0.06962939003706493
1489,45,0.01888611111111111,0.02199814814814933,-0.003015174679067751,0.0995332481130036
1490,45,0.016857777777777777,0.020077777777781334,-0.0031323431673264505,0.10296377599056977
1491,45,0.016848333333333333,0.02054814814815111,-0.003574281397680195,0.08990302831976449
1492,45,0.017108703703703702,0.018942592592600224,-0.0017372117709319517,0.1176369641647543
1493,45,0.01924611111111111,0.023592592592595777,-0.004196300102617088,0.1158740870981947
1494,45,0.02062259259259259,0.024207407407411778,-0.0034403921457561845,0.08398743221688444
1495,45,0.015895925925925924,0.020205555555555334,-0.004214461004000112,0.09822175597025111
1496,45,0.019318703703703703,0.02151481481481778,-0.002091676005233397,0.042707956016550266
1497,45,0.016672222222222224,0.019190740740742444,-0.002420420660361628,0.09425176142515337
1498,45,0.01640925925925926,0.020359259259262224,-0.003856129784825186,0.10549470688429693
1499,45,0.01693074074074074,0.020929629629628223,-0.003896342267774422,0.12122020103008667
1500,45,0.016789814814814813,0.018868518518514222,-0.002006952554996361,0.08234000879465334
1501,45,0.01869222222222222,0.022114814814818667,-0.003300723590905879,0.09134069245742626
1502,45,0.017584814814814814,0.021101851851858,-0.003388525664077862,0.10984626243556267
1503,45,0.018829074074074074,0.020394444444438668,-0.0014773173097829008,0.07666381425287916
1504,45,0.01964925925925926,0.021120370370373332,-0.0013800963427210119,0.11537930289266134
1505,45,0.017971296296296298,0.019757407407409777,-0.001678491494524787,0.057261976749678666
1506,45,0.017983148148148147,0.02228148148148289,-0.004167974813802767,0.105759887395276
1507,45,0.020031296296296297,0.023511111111109557,-0.0033484495515724915,0.0722658135349507
1508,45,0.018944259259259258,0.02119814814814778,-0.0021292069281382844,0.11624336411176725
1509,45,0.01901962962962963,0.02276851851852422,-0.003604995434548488,0.14110792803788444
1510,45,0.015055555555555555,0.018666666666672,-0.0035085838239363116,0.16253179403471332
1511,45,0.020791851851851853,0.02463518518518378,-0.003675853047605641,0.07409965202953027
1512,45,0.01639351851851852,0.02051111111111089,-0.00400076022256699,0.11767589167109604
1513,45,0.015018333333333333,0.01687407407407689,-0.0017842687217342452,0.05655165186838582
1514,45,0.02160425925925926,0.024799999999998,-0.0030340642717834668,0.05026883299701777
1515,45,0.018778148148148148,0.020048148148147777,-0.001162723501838261,0.09407631389745125
1516,45,0.018351851851851852,0.021668518518519555,-0.0032075621603124826,0.06800178912520137
1517,45,0.016650185185185185,0.018903703703706,-0.002141997497675067,0.1143989593845547
1518,45,0.017830925925925927,0.02201666666667089,-0.004070148940820517,0.09041478712482
1519,45,0.020781666666666667,0.024344444444446667,-0.0034204535950555564,0.0878618687223671
1520,45,0.015113703703703704,0.019046296296299555,-0.0038241331285390175,0.07571134794814986
1521,45,0.019899074074074072,0.023901851851858887,-0.0038532527326486216,0.08027067769645778
1522,45,0.018694814814814813,0.022255555555554224,-0.0034191628103094236,0.07065076962298404
1523,45,0.021701666666666668,0.023674074074075555,-0.0018481939023598304,0.07747790561290893
1524,45,0.019968518518518517,0.022646296296299332,-0.002524853763665215,0.10880355077137209
1525,45,0.016876481481481482,0.020042592592596,-0.003054319472543596,0.09286639622994626
1526,45,0.019529814814814816,0.022205555555557335,-0.002592197232838162,0.0676435282914756
1527,45,0.020437777777777777,0.02292037037037222,-0.00236925823440082,0.08740294273939689
1528,45,0.020919814814814815,0.024500000000005778,-0.003432067928055709,0.0755780898202467
1529,45,0.017406666666666668,0.020855555555549334,-0.0033163439719079645,0.07258227918562715
1530,45,0.015565185185185185,0.019309259259268,-0.003621989415993713,0.07553285020502444
1531,45,0.015401296296296297,0.018507407407413332,-0.0030251438669411566,0.1259271236255378
1532,45,0.016308703703703704,0.01916296296296978,-0.002743357330069439,0.10907113406718098
1533,45,0.018405,0.020929629629634,-0.0024048317487718653,0.06249925476723444
1534,45,0.018096666666666667,0.021855555555557557,-0.0036152194154805825,0.08918970855173915
1535,45,0.019225925925925928,0.022205555555557557,-0.0028481300946863854,0.04684113621738004
1536,45,0.019351296296296297,0.022809259259260223,-0.0033187262478052357,0.10937455627328183
1537,45,0.01964462962962963,0.02159259259259,-0.0018262403152318296,0.09088704895368183
1538,45,0.018797777777777778,0.019083333333334666,-0.00019588438488621476,0.14253234625249475
1539,45,0.017040925925925925,0.019592592592592443,-0.0024619512645627797,0.10238720112176013
1540,45,0.016938333333333333,0.01895925925925822,-0.0019570257408439615,0.08224861902576
1541,45,0.021462592592592592,0.024646296296298,-0.00305393537332532,0.056320217931038356
1542,45,0.017897592592592593,0.022416666666667334,-0.004390514424763639,0.10597677768035822
1543,45,0.017234074074074075,0.019240740740743112,-0.0019040410958387833,0.10846946630342
1544,45,0.01974,0.022518518518510444,-0.0026404993123432547,0.10453874738126098
1545,45,0.02059333333333333,0.019224074074072,0.001443449488336696,0.13166187125729303
1546,45,0.018077222222222224,0.02221851851851578,-0.004005726211011865,0.07833024246441915
1547,45,0.018113888888888888,0.023990740740746443,-0.005696684017947932,0.0951666514492431
1548,45,0.019737222222222222,0.021214814814809555,-0.0013806758082492519,0.10161876652209746
1549,45,0.01674314814814815,0.02225370370370889,-0.00537061603894346,0.08192345093637293
1550,45,0.021840185185185185,0.024127777777781557,-0.0021739318524603263,0.11823028048210667
1551,45,0.017478888888888888,0.02129074074074911,-0.0036668920678180656,0.14552745036896403
1552,45,0.017874814814814816,0.021620370370372222,-0.003603971923579796,0.09045254363315831
1553,45,0.021607037037037036,0.02420555555555422,-0.0024697401414958894,0.11232836695497822
1554,45,0.01718148148148148,0.020749999999999335,-0.003421589910442055,0.10484810314831026
1555,45,0.019610555555555555,0.023309259259261556,-0.0035682203154405365,0.1257043775407849
1556,45,0.018185555555555556,0.021759259259264443,-0.0034286513505228477,0.08483280087494405
1557,45,0.017751666666666666,0.01981481481480689,-0.001958828696262244,0.12627038772279778
1558,45,0.019438888888888887,0.02332592592592311,-0.003753464159767381,0.0555776584902232
1559,45,0.017890925925925925,0.020153703703708222,-0.0021630486082022376,0.08038101703624044
1560,45,0.020918333333333334,0.024453703703707332,-0.0033962469238719138,0.07735349791527515
1561,45,0.015894444444444444,0.020387037037039556,-0.004365725617097007,0.09271967074814942
1562,45,0.020631296296296297,0.024214814814810446,-0.0034539522848782023,0.013735269569314309
1563,45,0.01998537037037037,0.02460185185186222,-0.004461590312031179,0.06631359236436578
1564,45,0.021714444444444442,0.02343333333334089,-0.0016092936047842046,0.09300996969292857
1565,45,0.019017962962962962,0.022551851851856444,-0.0034160751301804838,0.09901637304657471
1566,45,0.01726,0.021707407407406887,-0.004307548996873111,0.06571385001203915
1567,45,0.017843333333333333,0.01968518518518378,-0.0017739022311280082,0.111312394248336
1568,45,0.017786481481481483,0.022822222222221335,-0.004854923644990665,0.05990908284596933
1569,45,0.01907611111111111,0.021411111111114888,-0.0022112377406489155,0.08904317410268626
1570,45,0.012917592592592593,0.017244444444446668,-0.004221196595792222,0.07130293262745155
1571,45,0.017726666666666665,0.020035185185184,-0.0022227527306273977,0.09904561390721867
1572,45,0.01861037037037037,0.023166666666664667,-0.004406156369085037,0.11419362038792444
1573,45,0.019118148148148148,0.022538888888892,-0.0032998490000453037,0.06169449052873737
1574,45,0.01637240740740741,0.01913333333333711,-0.0026736257573899366,0.06709657644131249
1575,45,0.020117592592592593,0.024742592592600667,-0.004473428077542118,0.09052052303216045
1576,45,0.013007222222222222,0.015240740740743556,-0.0021489176225415463,0.06712445759098858
1577,45,0.01891685185185185,0.022635185185185112,-0.0035658793484818164,0.08872697879550627
1578,45,0.019658703703703703,0.024687037037032667,-0.004880190883968425,0.09549584266672889
1579,45,0.019158148148148146,0.022200000000006666,-0.002927175174752667,0.06886755645818186
1580,45,0.014202407407407407,0.01641851851851933,-0.002125513228740905,0.06851013800364764
1581,45,0.018408888888888888,0.023340740740741557,-0.004773140884455502,0.033989995396778265
1582,45,0.020404444444444444,0.022118518518521334,-0.0015682999553055658,0.10473630814815346
1583,45,0.01969833333333333,0.021918518518517557,-0.0021202171877724883,0.10778636202847836
1584,45,0.019868888888888887,0.021914814814816445,-0.0019064309185297334,0.1257689142925392
1585,45,0.015673703703703704,0.01765925925925622,-0.001877789387442018,0.08481411317143209
1586,45,0.016387037037037037,0.018412962962962888,-0.001930951049928341,0.1402564351814481
1587,45,0.021321666666666666,0.02613148148148689,-0.004647385859929491,0.0929674510726996
1588,45,0.015290185185185184,0.016922222222223112,-0.0015686714270796572,0.09013644918814502
1589,45,0.01713037037037037,0.021592592592596445,-0.004326071234494478,0.08383550054912849
1590,45,0.020905555555555556,0.023403703703703333,-0.0023727115987101657,0.09391582311276848
1591,45,0.019489629629629628,0.022483333333333334,-0.0028708247035483113,0.06462148390985072
1592,45,0.02235,0.02464814814814289,-0.0021501938082798544,0.05400186302504533
1593,45,0.02069962962962963,0.021248148148150223,-0.00046089124506158247,0.11529349003289431
1594,45,0.01868962962962963,0.021042592592590444,-0.00223693554009021,0.12175179475778541
1595,45,0.01696074074074074,0.02163148148148289,-0.004550999437544731,0.06238752180644894
1596,45,0.020148518518518517,0.021909259259264,-0.0016394213100619714,0.10136103929324235
1597,45,0.01920462962962963,0.02225185185184889,-0.002913195104381495,0.09419514747289431
1598,45,0.016401666666666665,0.017274074074075777,-0.0007921514070871889,0.09603704360266267
1599,45,0.01744759259259259,0.021398148148144665,-0.0038333352170357837,0.07080830266068226
1600,45,0.01801777777777778,0.023344444444445334,-0.00518779824102752,0.06930918357229737
1601,45,0.016317592592592592,0.019764814814820002,-0.0033248587248114253,0.10628000596700497
1602,45,0.01757259259259259,0.018951851851855335,-0.0012913413216436328,0.12879996064972088
1603,45,0.01614,0.019751851851851333,-0.0035122834381655743,0.09761310570416
1604,45,0.01820888888888889,0.022350000000005334,-0.004011695097914757,0.08520930771386849
1605,45,0.017762592592592594,0.022624074074074,-0.004724318405394988,0.05024066259355822
1606,45,0.01699185185185185,0.020525925925928445,-0.003428191683227396,0.10928267414643386
1607,45,0.01866925925925926,0.021012962962966,-0.002242229480242577,0.0725834917875392
1608,45,0.01677037037037037,0.020490740740746,-0.0036031151828053586,0.10864777048390756
1609,45,0.016028888888888888,0.017811111111119333,-0.0017024780260541143,0.11245052231339747
1610,45,0.019669074074074075,0.02498148148147178,-0.0051526586777080685,0.021219201373964488
1611,45,0.018078703703703704,0.022655555555562222,-0.004443078463070702,0.09407542719830533
1612,45,0.016731851851851852,0.018709259259261334,-0.0018704635749142644,0.04403337275055653
1613,45,0.016887592592592593,0.019672222222226,-0.0026959034062269205,0.12340541894034404
1614,45,0.016770185185185187,0.02215555555556222,-0.0052433960645504405,0.020730071364151108
1615,45,0.01446574074074074,0.017142592592590666,-0.002574374945823458,0.09362936740987386
1616,45,0.018127962962962964,0.021690740740748,-0.0034429606031008433,0.105685563879896
1617,45,0.018665555555555557,0.021066666666669554,-0.002299663383648988,0.08642126346264756
1618,45,0.019667777777777777,0.022357407407412665,-0.002578729730950926,0.10204962201764808
1619,45,0.01547888888888889,0.018575925925928445,-0.003002990784877602,0.08123987882082667
1620,45,0.02012259259259259,0.023612962962958443,-0.0033692947230197987,0.09277844894803293
1621,45,0.01764574074074074,0.01980925925926689,-0.0020775850305091953,0.0908116499010672
1622,45,0.01736,0.020699999999998445,-0.003227989388563573,0.11471803145411111
1623,45,0.018283703703703705,0.023411111111112666,-0.004985552272396708,0.06406537791896405
1624,45,0.017821296296296297,0.021675925925925335,-0.003724544064202003,0.11208879275768933
1625,45,0.01709740740740741,0.019357407407403333,-0.002165885692949907,0.08452628800158943
1626,45,0.02090796296296296,0.023670370370370668,-0.0026316837070552014,0.13755534202148764
1627,45,0.017911666666666666,0.020338888888892223,-0.002307989564345069,0.11446877669000266
1628,45,0.01900962962962963,0.020503703703706,-0.0014030562548438042,0.12801979774309608
1629,45,0.02189425925925926,0.024518518518516445,-0.0024863304352913938,0.11851902278415026
1630,45,0.019010555555555555,0.02255370370370422,-0.0034195432740255533,0.11558747033414978
1631,45,0.018891111111111112,0.023500000000002224,-0.004453837846502785,0.07428788897105831
1632,45,0.017754814814814814,0.021024074074078445,-0.0031495175469220464,0.12333586060326542
1633,45,0.017442037037037037,0.020925925925920446,-0.0033933048024221727,0.12070604300162445
1634,45,0.01640314814814815,0.01827407407408267,-0.0017804409501996391,0.13150935185325474
1635,45,0.019272037037037035,0.024772222222222445,-0.00532359324016899,0.09244841874301249
1636,45,0.017045185185185184,0.019442592592589555,-0.0023260923038488984,0.09584458780777472
1637,45,0.016017592592592594,0.02006111111111111,-0.003908001340113204,0.06630272375179293
1638,45,0.01914037037037037,0.022074074074076,-0.0028058718290723903,0.07631106073800445
1639,45,0.016750185185185184,0.01874074074074311,-0.0018763879892677398,0.08329522096882848
1640,45,0.017539074074074075,0.020453703703703554,-0.002786401359112604,0.09078691411750667
1641,45,0.020036111111111112,0.023898148148151777,-0.0037435274852164148,0.07929973603318627
1642,45,0.019739814814814814,0.023412962962966,-0.0035360554220756233,0.06824906413722666
1643,45,0.01573037037037037,0.018979629629640223,-0.00315846404123085,0.0710608944212236
1644,45,0.018786666666666667,0.022418518518524222,-0.003488868574423624,0.05981297010274182
1645,45,0.017722407407407405,0.021803703703703776,-0.003956012302772498,0.08030900731832627
1646,45,0.017270185185185184,0.021375925925930888,-0.003974174720765834,0.04800231912268578
1647,45,0.018263703703703702,0.02209259259259422,-0.0037148891795698285,0.11918695600681516
1648,45,0.018385555555555554,0.02270370370369911,-0.0041540092557276614,0.12168501104836627
1649,45,0.018076111111111112,0.02380555555555622,-0.0055764059866663974,0.08075736393009866
1650,45,0.017152777777777777,0.01959074074074511,-0.0023319287806815876,0.06702133483482044
1651,45,0.01896314814814815,0.02306851851851689,-0.003984082979845503,0.022404677413707556
1652,45,0.021656296296296295,0.024266666666666666,-0.002495570861634897,0.09566776872815738
1653,45,0.01884648148148148,0.019381481481485555,-0.00043636115731026965,0.09749371819539969
1654,45,0.014953518518518519,0.017616666666678667,-0.0025921209697749494,0.10643067158150582
1655,45,0.02024314814814815,0.024162962962967556,-0.003772444734553202,0.12092579676189555
1656,45,0.01832925925925926,0.019329629629629776,-0.0009263779817282671,0.0811482285347472
1657,45,0.02072888888888889,0.023638888888889334,-0.002743059033667938,0.13285468988257293
1658,45,0.021125185185185184,0.02326851851851778,-0.0020408150850786044,0.06932255246909831
1659,45,0.019510555555555555,0.021216666666670887,-0.001612665076547014,0.1176618898155232
1660,45,0.01958851851851852,0.022520370370372446,-0.0028111591423220345,0.0702018403875267
1661,45,0.022152592592592592,0.023581481481483556,-0.0012746638851751004,0.10623089819714848
1662,45,0.01739814814814815,0.01984814814814289,-0.002320267917292219,0.09453708624742903
1663,45,0.01636425925925926,0.018894444444442667,-0.002437415116801546,0.08656802802691867
1664,45,0.017720740740740742,0.020018518518518668,-0.002193720136032698,0.08473949890372595
1665,45,0.022392222222222223,0.02266111111110822,-0.00016973686017909026,0.12447476796328044
1666,45,0.01851388888888889,0.022557407407399113,-0.003913565173269891,0.10771545303449472
1667,45,0.016321111111111113,0.019327777777778665,-0.0029100435571711293,0.0302772797703792
1668,45,0.01574425925925926,0.019687037037032,-0.0038472272254914106,0.056149710758922666
1669,45,0.01925851851851852,0.02046111111111111,-0.0010792254945756641,0.11463341648033515
1670,45,0.02132648148148148,0.02244259259259311,-0.0010435637709379103,0.08577441100919875
1671,45,0.02186074074074074,0.026862962962963557,-0.004818627358314228,0.12404734293963778
1672,45,0.018652037037037036,0.021387037037034668,-0.0026227594418357205,0.13959068950408404
1673,45,0.017590185185185184,0.021201851851856,-0.003524843586430388,0.0864746853768489
1674,45,0.019841851851851854,0.022227777777776223,-0.0022744646824366167,0.10233182665832849
1675,45,0.01973222222222222,0.023518518518519556,-0.0036196407969704557,0.12896621089554405
1676,45,0.018312592592592592,0.021853703703706002,-0.0034457053417051063,0.09522495484134266
1677,45,0.01709574074074074,0.021568518518527556,-0.004333403660054169,0.09681070618905116
1678,45,0.02081462962962963,0.022437037037034445,-0.0015394546765864936,0.12321874341029555
1679,45,0.017905185185185184,0.018312962962962667,-0.0003092516568696604,0.10621448374912987
1680,45,0.01649759259259259,0.020864814814814222,-0.004238688365469802,0.08583684465184405
1681,45,0.01563185185185185,0.020459259259263333,-0.00471479540810213,0.09825283366568
1682,45,0.018752222222222222,0.022025925925932666,-0.0031681936224445617,0.08266748190634
1683,45,0.01763111111111111,0.021525925925924,-0.0037669876071310857,0.09021546671809738
1684,45,0.019752407407407406,0.023264814814810443,-0.0033733360515194252,0.08322891673171516
1685,45,0.014622592592592592,0.019129629629626,-0.004390886535112188,0.06759203210707027
1686,45,0.017838703703703704,0.019677777777771112,-0.0017396346265595595,0.11816471895868413
1687,45,0.01958611111111111,0.022885185185182445,-0.0031760028863635787,0.0665217353487956
1688,45,0.019534814814814814,0.024057407407406223,-0.00438385201097781,0.11906932813222804
1689,45,0.016395185185185186,0.0199037037037,-0.0033886851927221566,0.07379806683812053
1690,45,0.01899851851851852,0.020655555555560666,-0.0015298026099974439,0.1098326154730908
1691,45,0.019785925925925926,0.022629629629621777,-0.002704726788252929,0.07600918975957421
1692,45,0.018032037037037037,0.020670370370372667,-0.0025425348873439526,0.09455204169778889
1693,45,0.019022962962962964,0.02124074074073911,-0.002109781522534461,0.03682348405419293
1694,45,0.016202962962962964,0.018811111111111334,-0.0025147358393787515,0.11905657012552191
1695,45,0.015674444444444446,0.017979629629632,-0.0022350155306637247,0.07531808259622363
1696,45,0.01825462962962963,0.021511111111116223,-0.003160846000408547,0.10385850204992671
1697,45,0.020082962962962962,0.023731481481489777,-0.003520748517089868,0.06856010220181782
1698,45,0.01692462962962963,0.02216111111111111,-0.005066151723356615,0.02956029157236364
1699,45,0.01818925925925926,0.02115555555555489,-0.0028431038291085557,0.0929740341856472
1700,45,0.019593703703703703,0.022420370370370445,-0.002706995952751528,0.1003724134754757
1701,45,0.01744722222222222,0.020164814814813557,-0.002584870829093982,0.1026800904774756
1702,45,0.02076148148148148,0.02417037037037711,-0.003281223226170386,0.11022999516425645
1703,45,0.015061296296296297,0.018740740740746,-0.003571656284711638,0.10182524766894493
1704,45,0.017671666666666665,0.02225555555556,-0.00443428686309566,0.06643757201220445
1705,45,0.017081666666666665,0.021968518518520667,-0.004726244495372122,0.11174601435916488
1706,45,0.01773685185185185,0.021370370370372666,-0.0035164383150828493,0.08009477888770888
1707,45,0.02182259259259259,0.02612592592593111,-0.004127025283203666,0.0656610347271636
1708,45,0.021377962962962963,0.024200000000006446,-0.002677382651018803,0.09533699736211555
1709,45,0.019840925925925925,0.024211111111110444,-0.004224374974733412,0.09850316780276044
1710,45,0.01699648148148148,0.019690740740738667,-0.002584501658292135,0.04593091031422142
1711,45,0.019443333333333333,0.02022407407408,-0.0007177583872889261,0.10634965361887694
1712,45,0.019029074074074073,0.02106296296296089,-0.0019494461125445606,0.06483742837711125
1713,45,0.021424074074074075,0.021651851851849778,-0.00014188577063103144,0.045812468333391684
1714,45,0.015978148148148148,0.020164814814814,-0.004088220081593231,0.05834313327214533
1715,45,0.021250925925925927,0.024546296296289336,-0.0031902548578233406,0.10110002762381555
1716,45,0.01853037037037037,0.021979629629627555,-0.003321160901653873,0.06779691691772534
1717,45,0.02104666666666667,0.025255555555559556,-0.0040512762113461285,0.08148001450389111
1718,45,0.020826296296296294,0.02250740740740289,-0.001605414367513321,0.142629903907276
1719,45,0.01894685185185185,0.021753703703698668,-0.002717630741348113,0.11418120196429778
1720,45,0.020659074074074073,0.023201851851854888,-0.002454156165649225,0.10183725999951644
1721,45,0.017715555555555554,0.01807962962963378,-0.000281123324978225,0.1251567097549636
1722,45,0.016931296296296295,0.01796296296296511,-0.0009553684126580593,0.07279609150603156
1723,45,0.016221481481481483,0.020344444444437556,-0.0039865968310773305,0.054760624976586667
1724,45,0.016955925925925926,0.020290740740745335,-0.0032343606917392574,0.061350449868404044
1725,45,0.014803333333333333,0.017792592592595555,-0.0028791778905084,0.1218208563938836
1726,45,0.019807037037037036,0.023001851851851777,-0.003061704395087856,0.06736111173113608
1727,45,0.01741740740740741,0.020485185185188444,-0.0029120562420405544,0.1492116107977489
1728,45,0.018042037037037037,0.022924074074066665,-0.004727150086136193,0.09942859712115111
1729,45,0.017505740740740742,0.021611111111110446,-0.003985662565333355,0.12658927676590934
1730,45,0.018537222222222222,0.02347222222222222,-0.004774545421687005,0.0582815204194792
1731,45,0.017520185185185184,0.019687037037044223,-0.0020631421771193444,0.11109940825932542
1732,45,0.018060185185185186,0.02284999999999889,-0.004634260712965658,0.07295295316715693
1733,45,0.017635555555555554,0.019598148148144666,-0.001870700828929422,0.11274803089590578
1734,45,0.01676962962962963,0.021168518518517778,-0.00428024355582552,0.08625628123837421
1735,45,0.020505,0.022211111111112666,-0.0015688697654149388,0.07105910291921658
1736,45,0.019346481481481482,0.022183333333330446,-0.0027251916736975926,0.13149119337415338
1737,45,0.018030925925925926,0.021679629629633556,-0.0035405781052484228,0.11905950575334583
1738,45,0.016591296296296295,0.020629629629632443,-0.003924871615934452,0.09305857006933556
1739,45,0.020361666666666667,0.020957407407405333,-0.0005171585306926938,0.08383136523945738
1740,45,0.017865925925925927,0.021737037037038446,-0.0037418589330641644,0.06515405090032987
1741,45,0.017962037037037037,0.021601851851850224,-0.0035385241100779515,0.08756058837436667
1742,45,0.015476481481481482,0.01925925925926022,-0.0036643126553062406,0.09294688927075653
1743,45,0.019073333333333334,0.021985185185195776,-0.002822852475324458,0.04715863052807377
1744,45,0.01650277777777778,0.02161111111111311,-0.004969215911825055,0.07155294790448272
1745,45,0.02117074074074074,0.021083333333335556,0.00018154721885057512,0.1330845384603036
1746,45,0.018028148148148147,0.02074814814815111,-0.0025883778929629737,0.0695279836891632
1747,45,0.019820555555555557,0.023246296296294888,-0.003307671496302067,0.07021141749095071
1748,45,0.01597925925925926,0.02064814814815311,-0.004537609571325669,0.10060443254942582
1749,45,0.012415555555555555,0.016811111111113334,-0.004293182495564881,0.07549505263857377
1750,45,0.01751037037037037,0.019018518518518667,-0.001432260750756521,0.06703062309533875
1751,45,0.018843703703703703,0.022781481481480667,-0.003805591077434604,0.0912246242046756
1752,45,0.021042037037037036,0.023077777777766,-0.001907877757995835,0.12227541907002942
1753,45,0.015802407407407407,0.01711666666666511,-0.0012290892835277055,0.14468808292490712
1754,45,0.013442222222222222,0.018124074074082223,-0.004557759149314333,0.124749017159976
1755,45,0.020813333333333333,0.02517592592592822,-0.0042062612674940774,0.07959360732508848
1756,45,0.020712962962962964,0.022300000000002,-0.0014847761955010252,0.11513352172115693
1757,45,0.019903333333333332,0.02138148148147911,-0.0013509736263258403,0.10368000749913435
1758,45,0.015252037037037036,0.018342592592600668,-0.0029977321482194514,0.08802263399344626
1759,45,0.015514259259259259,0.020357407407409777,-0.004697001873021427,0.0826290967937307
1760,45,0.014345555555555556,0.01968518518519111,-0.00521298107533073,0.07920782117360489
1761,45,0.01756351851851852,0.02050370370371089,-0.002844383344581631,0.08093199197516848
1762,45,0.017934444444444444,0.021531481481482668,-0.003470135124747949,0.09374753937925466
1763,45,0.016930555555555556,0.019648148148151776,-0.0025662365366148766,0.1205130172060708
1764,45,0.017601111111111113,0.02062962962963511,-0.002925833366223387,0.05153379628095391
1765,45,0.021518333333333334,0.024014814814816224,-0.0023749355325922905,0.0854525594301756
1766,45,0.017702592592592593,0.023074074074077112,-0.005235556344050549,0.07341443250958445
1767,45,0.021340185185185184,0.022174074074079335,-0.0007152244968766159,0.07418019848907831
1768,45,0.01604537037037037,0.02051481481481689,-0.004359285262222255,0.09801747229697555
1769,45,0.019032407407407408,0.02199999999999689,-0.0028611498189094363,0.06087929503230764
1770,45,0.018697592592592592,0.021166666666669557,-0.002365174929602702,0.09915077917280667
1771,45,0.020519444444444444,0.024712962962962666,-0.004037697975666991,0.04776211093029564
1772,45,0.01722685185185185,0.020968518518516444,-0.0036407125303578726,0.10640145974415822
1773,45,0.017818518518518518,0.019944444444446666,-0.0020414936004302785,0.10676107506307515
1774,45,0.019377037037037036,0.023046296296295555,-0.00353168530494703,0.10452839926982449
1775,45,0.016564259259259258,0.020622222222225334,-0.003944120726632586,0.05876803399114182
1776,45,0.02122814814814815,0.025468518518523112,-0.004065229377314745,0.07536866946508848
1777,45,0.02060148148148148,0.019748148148143112,0.0009272529100643196,0.13375834910900583
1778,45,0.019157407407407408,0.022766666666666668,-0.0034656557671195565,0.09840907398233609
1779,45,0.017330925925925927,0.01916111111111511,-0.001738056050807324,0.08217620915271484
1780,45,0.020000925925925925,0.025855555555550223,-0.005680475075579137,0.06015726073189156
1781,45,0.02050962962962963,0.020688888888890443,-5.466169954405014e-05,0.07362629722511124
1782,45,0.017055185185185184,0.020446296296299335,-0.003254543197363982,0.1430355741159338
1783,45,0.018014814814814813,0.02103518518519089,-0.0029114485201782885,0.10319077781525471
1784,45,0.017190925925925925,0.019931481481484443,-0.002614475247002463,0.12903677392898139
1785,45,0.01694388888888889,0.019627777777777113,-0.0025948130917322026,0.1098592805385089
1786,45,0.016745185185185186,0.020127777777785332,-0.00328905825409319,0.11383303967978267
1787,45,0.018781666666666665,0.02048148148148622,-0.00159695232515623,0.10084880988848498
1788,45,0.021177962962962964,0.024885185185184445,-0.0035653457019890287,0.04617634190265249
1789,45,0.017075740740740742,0.021081481481473333,-0.0039022510715524725,0.07045618505164222
1790,45,0.018900555555555556,0.021211111111112443,-0.002229825869994589,0.09072597282095471
1791,45,0.020895925925925925,0.02513518518518222,-0.004074983976694822,0.12049556959272582
1792,45,0.01845074074074074,0.020416666666659332,-0.001883826133102905,0.12611689381997737
1793,45,0.020640185185185185,0.019861111111106666,0.0008458056905490076,0.10718433118156191
1794,45,0.01809796296296296,0.02105370370370378,-0.0028669701920439037,0.10145110840322266
1795,45,0.018737037037037038,0.022379629629628,-0.0035189223644186344,0.01602370817296978
1796,45,0.019117407407407406,0.022568518518523335,-0.0033395082485956377,0.08717350004196404
1797,45,0.01939074074074074,0.02166851851852,-0.0021554723430323745,0.08117647545732987
1798,45,0.017054444444444445,0.021396296296306665,-0.004211837370605358,0.08780547526682222
1799,45,0.019569444444444445,0.02362777777777889,-0.003917091634692076,0.060664772162258664
1800,45,0.01678148148148148,0.018114814814810223,-0.0012579826329120606,0.08383198817020888
1801,45,0.019204444444444444,0.02178518518518489,-0.0024719522961088813,0.14682660005300488
1802,45,0.019118518518518517,0.022029629629625333,-0.0027936412418266953,0.08492544723212804
1803,45,0.015877407407407406,0.019946296296303113,-0.003937338735823192,0.0724254367547672
1804,45,0.01940277777777778,0.020662962962965777,-0.0011639057041940557,0.09208130890630586
1805,45,0.018983518518518518,0.021070370370370222,-0.001992061050812915,0.09264260375298582
1806,45,0.018223518518518517,0.021375925925928223,-0.003048966505516051,0.07150230998669782
1807,45,0.01751314814814815,0.021414814814813554,-0.0037658524056787194,0.0975664482691072
1808,45,0.01754611111111111,0.019748148148148667,-0.002074291221615147,0.10771890754840627
1809,45,0.020521296296296294,0.022418518518518667,-0.001801036400521161,0.10586940535427156
1810,45,0.019455925925925925,0.024362962962958666,-0.004759731115967974,0.08303973539781778
1811,45,0.019230185185185183,0.024138888888885334,-0.004770894278658027,0.07107720052274889
1812,45,0.019131481481481482,0.02332962962963022,-0.004063083054886861,0.078609273286996
1813,45,0.017942592592592593,0.021285185185188,-0.0032256454000905155,0.06991001228645377
1814,45,0.019092777777777778,0.02301851851852022,-0.0037967044646322104,0.11026945513886934
1815,45,0.019979444444444446,0.022207407407409778,-0.0020897502658637325,0.10234722827471525
1816,45,0.021003333333333332,0.025051851851854,-0.003899766714820702,0.07245928083306137
1817,45,0.019932037037037036,0.022851851851859332,-0.002788179108428368,0.14989822233402889
1818,45,0.023034814814814814,0.02503888888889711,-0.0019046595974549928,0.08508703640157249
1819,45,0.019351851851851853,0.02163333333333289,-0.002139313079699834,0.11496124211371023
1820,45,0.019094629629629628,0.019787037037041332,-0.000614008553678554,0.13029614405790893
1821,45,0.015645925925925924,0.018881481481487335,-0.0031377262878889978,0.12477300062613338
1822,45,0.016668518518518517,0.020301851851856668,-0.003521616144112226,0.0820494521873836
1823,45,0.01774814814814815,0.01867592592592689,-0.0008307503644701367,0.12845056320184498
1824,45,0.01505962962962963,0.019703703703706665,-0.004478565735676569,0.09738496730557555
1825,45,0.020565740740740742,0.022903703703707555,-0.002222440071082052,0.09286249119495071
1826,45,0.017501481481481482,0.01845740740740711,-0.0008684835803188672,0.1336017560277898
1827,45,0.019587777777777777,0.021620370370369332,-0.0019088605590655246,0.0844178230727832
1828,45,0.01850685185185185,0.023664814814816,-0.004981364125588134,0.07167063706490133
1829,45,0.01853537037037037,0.021666666666671112,-0.0030036752420563363,0.1113060284971183
1830,45,0.01912777777777778,0.022390740740741332,-0.003148123910057726,0.12031895810960666
1831,45,0.01663074074074074,0.015714814814814,0.0009698577998317957,0.10087978649420276
1832,45,0.018182407407407408,0.01995740740740422,-0.0016842185702306222,0.06167347760067916
1833,45,0.01588388888888889,0.018325925925928223,-0.002332800962550658,0.11960772422202849
1834,45,0.02114388888888889,0.02481481481481489,-0.0035291857597026144,0.05406137585539382
1835,45,0.020199074074074074,0.024209259259265557,-0.0038663708126975885,0.08710815943657209
1836,45,0.017331296296296296,0.023120370370376,-0.005629759236137121,0.11323036495779377
1837,45,0.018198333333333334,0.017292592592590222,0.0009747474024957459,0.0852813775615872
1838,45,0.016013518518518517,0.020701851851853113,-0.004546862629498868,0.06822290105316667
1839,45,0.02119574074074074,0.022998148148155557,-0.001705748335423476,0.12398555598682888
1840,45,0.01679537037037037,0.020746296296300443,-0.003840638069127025,0.08226890039096227
1841,45,0.018665925925925926,0.020174074074075777,-0.0014266939292175657,0.14874212701591866
1842,45,0.019881481481481483,0.020451851851860665,-0.00048276760768098083,0.13139259577431378
1843,45,0.01794925925925926,0.018296296296298,-0.00024132197494260372,0.12402988185833252
1844,45,0.016711851851851853,0.019948148148153776,-0.0031128008158157775,0.10307496650377071
1845,45,0.017405,0.019685185185186888,-0.002167871279879008,0.10515201544313293
1846,45,0.02285037037037037,0.02394444444445111,-0.0009419590335058927,0.08714313512258862
1847,45,0.01998851851851852,0.021612962962972,-0.001518599232310759,0.15490550766723693
1848,45,0.019163148148148148,0.02252777777778,-0.0032282904152963953,0.09080683433441426
1849,45,0.01632648148148148,0.02012407407407689,-0.0036845822644399014,0.07142675935841293
1850,45,0.01713962962962963,0.019314814814811555,-0.0020977197589210203,0.14881580852011378
1851,45,0.019215925925925924,0.021892592592587776,-0.002551667349403577,0.10893307256612275
1852,45,0.017606851851851853,0.020498148148149778,-0.0027729393201885834,0.10451536708700711
1853,45,0.015917962962962964,0.020446296296298443,-0.00440124491605574,0.12667199410722668
1854,45,0.016050185185185185,0.02040370370370511,-0.0042313251916438815,0.08752381444656626
1855,45,0.019432222222222222,0.022209259259259335,-0.0026266499768740933,0.12600056728553377
1856,45,0.021747407407407406,0.023383333333332222,-0.0015126525312030219,0.1088440997105032
1857,45,0.018643703703703704,0.021300000000000888,-0.002547208372387846,0.07341800056775472
1858,45,0.022512407407407408,0.026712962962962668,-0.004016822837790506,0.06151021273571293
1859,45,0.019741666666666668,0.02141666666666978,-0.0016019472491437807,0.04411635700676587
1860,45,0.018193888888888888,0.02237037037037289,-0.004043910807902363,0.06361368448421116
1861,45,0.01820759259259259,0.020942592592593557,-0.002647958794054903,0.11686414327102755
1862,45,0.01666925925925926,0.021409259259265113,-0.004597786130508657,0.13573229963575156
1863,45,0.018749444444444444,0.021181481481475556,-0.0023209066455769714,0.10745078719742493
1864,45,0.02286925925925926,0.025564814814823776,-0.0025865798043751354,0.08326232283270445
1865,45,0.018217777777777777,0.021483333333328667,-0.003170459313468922,0.10434685173441244
1866,45,0.017283518518518518,0.017350000000002,-1.8323646228939834e-05,0.1407776737841871
1867,45,0.015883703703703702,0.018966666666666444,-0.002982119164314148,0.028067739147735152
1868,45,0.02164814814814815,0.024024074074077112,-0.002239061154541644,0.1082901764362276
1869,45,0.021195555555555554,0.02490555555556289,-0.0035457727845790033,0.08271561102483645
1870,45,0.016806666666666668,0.020827777777781335,-0.003899661006759874,0.10047633729413115
1871,45,0.01639037037037037,0.019540740740742888,-0.0030619207882937286,0.09468077441511823
1872,45,0.01980462962962963,0.023470370370366665,-0.0035401818494425214,0.08261709122043516
1873,45,0.01714462962962963,0.021203703703703777,-0.003928855399359876,0.07930890531178267
1874,45,0.016873148148148148,0.02133703703704,-0.004346275267420468,0.07225228399256044
1875,45,0.016618888888888888,0.01983518518519111,-0.0031047234084097238,0.08041743144375471
1876,45,0.015951296296296297,0.01975000000000378,-0.0037063588594223973,0.10004936118622582
1877,45,0.014960185185185186,0.01898518518519778,-0.0039272759081109675,0.08691575278582804
1878,45,0.01956351851851852,0.022479629629637777,-0.0027910722153700793,0.12149037485665333
1879,45,0.020496851851851853,0.022811111111116222,-0.0021977072797759118,0.1149478659889396
1880,45,0.020889074074074074,0.023646296296290222,-0.0026265211989087846,0.10637415657224222
1881,45,0.018155555555555557,0.023046296296299777,-0.004707960350938602,0.08572537574092137
1882,45,0.02066851851851852,0.02297962962963,-0.0021637784449067264,0.1461260305453702
1883,45,0.017954074074074074,0.020816666666658223,-0.0027392507524897254,0.07540531705476045
1884,45,0.018625,0.02267407407407422,-0.003927351248774302,0.08381767906265777
1885,45,0.014335,0.018829629629634224,-0.004397419324773853,0.10138408366043337
1886,45,0.017714074074074073,0.022512962962967557,-0.004651549649886753,0.08177430247083423
1887,45,0.016023333333333334,0.02017962962963489,-0.004043399806129269,0.06237660420370626
1888,45,0.023030185185185185,0.027233333333334,-0.0040414684342175025,0.04217317107681155
1889,45,0.020245925925925924,0.02349629629629711,-0.0031438037519626568,0.09639957266473653
1890,45,0.018298148148148147,0.021070370370372,-0.002649951214800312,0.08177622127783431
1891,45,0.01681388888888889,0.02004259259259022,-0.003137764120890421,0.06152218257983422
1892,45,0.015401851851851852,0.016874074074070888,-0.001406340191289917,0.11545960084737693
1893,45,0.015160185185185186,0.019855555555549777,-0.004552001935086743,0.07420646191087209
1894,45,0.018793703703703705,0.020116666666671557,-0.001218437373236446,0.08768814162459791
1895,45,0.018715,0.023703703703698,-0.004817413936371283,0.06652681431495347
1896,45,0.02081962962962963,0.02340555555555111,-0.0024501103392008863,0.08154462312794009
1897,45,0.016835,0.02039259259258622,-0.0034382514899250483,0.04988440501439253
1898,45,0.018974444444444443,0.023066666666669556,-0.003952576342951423,0.1090955286949036
1899,45,0.020632037037037036,0.022701851851844666,-0.001958488273666899,0.09695037077957377
1900,45,0.01813148148148148,0.020807407407401113,-0.002565879730838399,0.10332010115336182
1901,45,0.017514074074074074,0.021903703703706444,-0.0042644543589217465,0.0682658554389111
1902,45,0.01911611111111111,0.023364814814814,-0.004114636052057296,0.10605765282173156
1903,45,0.016781666666666667,0.01850185185186022,-0.00163917358550031,0.13478082864642443
1904,45,0.017830925925925927,0.020827777777786,-0.0029105858713645042,0.06041091450092986
1905,45,0.017918333333333335,0.019590740740743778,-0.0015634567770242598,0.09090050123041515
1906,45,0.01963185185185185,0.023579629629625776,-0.0038200423529022383,0.061612759958916935
1907,45,0.018473518518518518,0.022464814814814223,-0.003850378048084534,0.05029929112166182
1908,45,0.018428518518518518,0.020140740740740445,-0.0016173478413064588,0.1243726065718468
1909,45,0.021192407407407406,0.023692592592594888,-0.0023728978735192297,0.0744216528348636
1910,45,0.01791037037037037,0.021398148148152666,-0.0033643723803954712,0.10410447487260933
1911,45,0.018258888888888887,0.02031666666666978,-0.0019760966367378193,0.07938337868894053
1912,45,0.017157222222222223,0.021620370370369554,-0.004347230241064858,0.07411897230418267
1913,45,0.017258148148148147,0.020424074074073335,-0.003064213256910684,0.11289306944946667
1914,45,0.02113925925925926,0.023998148148156224,-0.0027289113791830544,0.09890968587948805
1915,45,0.018704444444444444,0.021561111111115333,-0.0027129498451201038,0.1003740983780747
1916,45,0.020930185185185184,0.025079629629626444,-0.004019275228178292,0.06715475536364227
1917,45,0.019366666666666667,0.023451851851855332,-0.003924382489616798,0.09866459447312587
1918,45,0.019833518518518518,0.023351851851851776,-0.0033948162673994218,0.06732631256770978
1919,45,0.02040796296296296,0.02396296296296311,-0.0034291469440078932,0.10121440582723382
1920,45,0.018267592592592592,0.02223888888889822,-0.00383589197726262,0.03381579952250942
1921,45,0.01776962962962963,0.02128703703703578,-0.003398087214291951,0.0936806588161432
1922,45,0.018425,0.020700000000002446,-0.0021575616623785167,0.10118982031956045
1923,45,0.01761425925925926,0.02094074074073311,-0.0032069466505614385,0.08061197111070088
1924,45,0.019938888888888888,0.019685185185185777,0.0003509695251969733,0.1370716483758654
1925,45,0.017823148148148147,0.01986851851852289,-0.001971571116176787,0.1281986163563978
1926,45,0.019956666666666668,0.022461111111112445,-0.0024056532122184787,0.09633345364876
1927,45,0.018075,0.021437037037042445,-0.00326709775246852,0.10429339541825249
1928,45,0.01683925925925926,0.019057407407417334,-0.00211558403037293,0.13158817995245164
1929,45,0.021826296296296295,0.02631296296296067,-0.0042927740834279365,0.08554866941876005
1930,45,0.017839074074074073,0.02097592592592689,-0.0030151691500518367,0.10223290699811294
1931,45,0.02009962962962963,0.024375925925932667,-0.0041493435860845565,0.10856706174811823
1932,45,0.016071111111111112,0.02142592592592911,-0.005220602997368647,0.04067721017439337
1933,45,0.02034388888888889,0.023720370370368223,-0.003236401146097756,0.049257862086640486
1934,45,0.017984444444444445,0.02073148148148089,-0.0026502939216017925,0.08801673513588365
1935,45,0.022180555555555554,0.027640740740739335,-0.0052806825818177625,0.08805248366730711
1936,45,0.01935814814814815,0.024079629629623556,-0.004562786833744132,0.059714313973665334
1937,45,0.019714074074074075,0.024288888888888888,-0.004418387340908398,0.07092808466365026
1938,45,0.019972962962962963,0.022794444444457333,-0.0027265962429792252,0.16225126065088533
1939,45,0.019902777777777776,0.022251851851847335,-0.0022180052922553513,0.07641693297570014
1940,45,0.018726481481481483,0.022646296296299554,-0.0038049703758228533,0.10106679141362533
1941,45,0.01871425925925926,0.02147222222222289,-0.002658733844982053,0.08710269022832004
1942,45,0.021549444444444444,0.02629259259259489,-0.004572360821429889,0.08407697113560893
1943,45,0.018537777777777778,0.021101851851851112,-0.002474731089481325,0.09055753792139604
1944,45,0.01783351851851852,0.021562962962965556,-0.0036181204305848996,0.07639378088574267
1945,45,0.020593518518518518,0.024646296296298,-0.0038695288816615807,0.06168560737848987
1946,45,0.021138888888888888,0.02207037037036711,-0.000827759130528078,0.09763374698786587
1947,45,0.01740648148148148,0.02100185185185489,-0.0034892578548675703,0.09336270733562582
1948,45,0.016061296296296296,0.019227777777781556,-0.0030696062185329117,0.09919893151134489
1949,45,0.022296851851851852,0.02283518518518889,-0.00043457647045676376,0.10090573333481791
1950,45,0.01617277777777778,0.02103148148148111,-0.004710375402556041,0.11536832277045556
1951,45,0.01914037037037037,0.022290740740740667,-0.0030306035864143994,0.10342520489152045
1952,45,0.01765574074074074,0.020424074074075555,-0.002646472126426342,0.08932253923832627
1953,45,0.01943648148148148,0.023042592592598665,-0.003465467701196107,0.07011292190051248
1954,45,0.018652592592592592,0.020153703703708,-0.0013802678396836823,0.12119665557371609
1955,45,0.016378888888888887,0.02044814814814689,-0.003934873593467687,0.07874133519683071
1956,45,0.021600555555555557,0.02674814814815178,-0.004946674739952102,0.06914815625152666
1957,45,0.01964611111111111,0.024290740740742445,-0.004483195149825361,0.11562276576536266
1958,45,0.018667407407407407,0.02300555555555578,-0.0041971471500511105,0.04955693785368266
1959,45,0.01805,0.02185000000000311,-0.003657657991133297,0.08023518029231831
1960,45,0.022430925925925927,0.025183333333342446,-0.0026263339049991292,0.08396042138099599
1961,45,0.014483148148148148,0.017872222222220666,-0.003315923827062665,0.11516729842849334
1962,45,0.016204629629629628,0.01981111111111311,-0.0035103763779270308,0.07839895261138
1963,45,0.018765555555555556,0.023914814814814667,-0.0049586679030347415,0.10457727114204404
1964,45,0.01886314814814815,0.021551851851857557,-0.002562842347413041,0.09097682677435169
1965,45,0.014545555555555555,0.01872037037037711,-0.004074716790169481,0.09314480211832848
1966,45,0.01766888888888889,0.020574074074076222,-0.0027960527133717846,0.14031529022029376
1967,45,0.017941666666666668,0.020659259259258888,-0.0025776652712240253,0.08886377610786893
1968,45,0.019787407407407406,0.020935185185181778,-0.0010319514170586816,0.11242223562355218
1969,45,0.01870462962962963,0.023648148148148668,-0.004793784813057846,0.08565168045618671
1970,45,0.01811925925925926,0.021401851851854444,-0.0031637820479798536,0.07837160920333609
1971,45,0.019020555555555554,0.021274074074079777,-0.0021350816142972173,0.12586999038360763
1972,45,0.014880185185185186,0.018781481481486444,-0.00379135438047691,0.1230659239224005
1973,45,0.017614074074074074,0.020457407407410224,-0.002721118807958028,0.11374860885991431
1974,45,0.020435,0.02188888888888911,-0.0013363391495026583,0.10921930204223164
1975,45,0.01574074074074074,0.019074074074075333,-0.0032225342895307626,0.03573758794124533
1976,45,0.01868259259259259,0.022277777777779333,-0.0034760486058726505,0.03208749890659515
1977,45,0.016925555555555555,0.01992222222222,-0.002873246367701891,0.0738087809115467
1978,45,0.01701759259259259,0.021014814814814,-0.003874468537773014,0.09420689089782404
1979,45,0.016121666666666666,0.01820370370370511,-0.0019798839466113566,0.034124307431379154
1980,45,0.014565,0.018674074074081556,-0.004013587955715484,0.07012647970819515
1981,45,0.021405,0.025698148148150888,-0.004121398114052852,0.046963325270879604
1982,45,0.017763333333333332,0.021151851851855554,-0.0032856395335909856,0.06963056856003821
1983,45,0.019204259259259258,0.021781481481479334,-0.00246258987821716,0.1266604389680072
1984,45,0.01842425925925926,0.020674074074086668,-0.002132264983731284,0.09918287581567609
1985,45,0.01848388888888889,0.01859074074074311,-2.8344276486581678e-05,0.11135519019879471
1986,45,0.019430185185185186,0.019153703703704443,0.0003938384190617736,0.14507989552345218
1987,45,0.01732888888888889,0.02102777777778,-0.0035712931928242046,0.0695296300172392
1988,45,0.018594814814814814,0.02174444444445022,-0.0030350696702822,0.11720859050780712
1989,45,0.01911796296296296,0.024507407407409778,-0.005217836681321213,0.031099715070633867
1990,45,0.016856666666666666,0.020320370370377778,-0.0033495678660415943,0.12108776053310805
1991,45,0.01506074074074074,0.017294444444443554,-0.0021548643628258343,0.08595528695769386
1992,45,0.017844814814814813,0.021920370370374222,-0.003930645907624792,0.09972187971883475
1993,45,0.016548518518518518,0.01722407407406689,-0.0006182291200854673,0.07628762347422542
1994,45,0.020978703703703704,0.023729629629621777,-0.002628664580998658,0.07501554408430636
1995,45,0.017833148148148147,0.020898148148148887,-0.002942816797594156,0.13615890034684977
1996,45,0.018993148148148148,0.023061111111109554,-0.003945413644782966,0.10214576630851072
1997,45,0.018064074074074073,0.02165370370370489,-0.0034619450728138965,0.08735111236159654
1998,45,0.015731666666666665,0.01733333333333711,-0.001550096376338186,0.09273054882316221
1999,45,0.017474814814814815,0.02271851851851978,-0.005071594564470209,0.13425966484427915
